https://openmenu.fooddo.in/?Token=smeno,Code - smeno,smeno,https://openmenu.fooddo.in/?Token=
https://openmenu.fooddo.in/?Token=jlgpf,Code - jlgpf,jlgpf,https://openmenu.fooddo.in/?Token=
https://openmenu.fooddo.in/?Token=vxsmu,Code - vxsmu,vxsmu,https://openmenu.fooddo.in/?Token=
https://openmenu.fooddo.in/?Token=fdpms,Code - fdpms,fdpms,https://openmenu.fooddo.in/?Token=
https://openmenu.fooddo.in/?Token=nlfju,Code - nlfju,nlfju,https://openmenu.fooddo.in/?Token=
https://openmenu.fooddo.in/?Token=tzpzq,Code - tzpzq,tzpzq,https://openmenu.fooddo.in/?Token=
https://openmenu.fooddo.in/?Token=nzsik,Code - nzsik,nzsik,https://openmenu.fooddo.in/?Token=
https://openmenu.fooddo.in/?Token=wnmcg,Code - wnmcg,wnmcg,https://openmenu.fooddo.in/?Token=
https://openmenu.fooddo.in/?Token=yamrv,Code - yamrv,yamrv,https://openmenu.fooddo.in/?Token=
https://openmenu.fooddo.in/?Token=yzxfs,Code - yzxfs,yzxfs,https://openmenu.fooddo.in/?Token=
https://openmenu.fooddo.in/?Token=exihz,Code - exihz,exihz,https://openmenu.fooddo.in/?Token=
https://openmenu.fooddo.in/?Token=skmkz,Code - skmkz,skmkz,https://openmenu.fooddo.in/?Token=
https://openmenu.fooddo.in/?Token=mrxpw,Code - mrxpw,mrxpw,https://openmenu.fooddo.in/?Token=
https://openmenu.fooddo.in/?Token=yklal,Code - yklal,yklal,https://openmenu.fooddo.in/?Token=
https://openmenu.fooddo.in/?Token=olnuo,Code - olnuo,olnuo,https://openmenu.fooddo.in/?Token=
https://openmenu.fooddo.in/?Token=lxtsp,Code - lxtsp,lxtsp,https://openmenu.fooddo.in/?Token=
https://openmenu.fooddo.in/?Token=exlec,Code - exlec,exlec,https://openmenu.fooddo.in/?Token=
https://openmenu.fooddo.in/?Token=llhcs,Code - llhcs,llhcs,https://openmenu.fooddo.in/?Token=
https://openmenu.fooddo.in/?Token=qanzi,Code - qanzi,qanzi,https://openmenu.fooddo.in/?Token=
https://openmenu.fooddo.in/?Token=gelnx,Code - gelnx,gelnx,https://openmenu.fooddo.in/?Token=
https://openmenu.fooddo.in/?Token=fvjgs,Code - fvjgs,fvjgs,https://openmenu.fooddo.in/?Token=
https://openmenu.fooddo.in/?Token=ghwkt,Code - ghwkt,ghwkt,https://openmenu.fooddo.in/?Token=
https://openmenu.fooddo.in/?Token=yupdq,Code - yupdq,yupdq,https://openmenu.fooddo.in/?Token=
https://openmenu.fooddo.in/?Token=lvktl,Code - lvktl,lvktl,https://openmenu.fooddo.in/?Token=
https://openmenu.fooddo.in/?Token=dxfqq,Code - dxfqq,dxfqq,https://openmenu.fooddo.in/?Token=
https://openmenu.fooddo.in/?Token=ogmee,Code - ogmee,ogmee,https://openmenu.fooddo.in/?Token=
https://openmenu.fooddo.in/?Token=jpxuy,Code - jpxuy,jpxuy,https://openmenu.fooddo.in/?Token=
https://openmenu.fooddo.in/?Token=maooo,Code - maooo,maooo,https://openmenu.fooddo.in/?Token=
https://openmenu.fooddo.in/?Token=qnmsl,Code - qnmsl,qnmsl,https://openmenu.fooddo.in/?Token=
https://openmenu.fooddo.in/?Token=qlaru,Code - qlaru,qlaru,https://openmenu.fooddo.in/?Token=
https://openmenu.fooddo.in/?Token=jaojr,Code - jaojr,jaojr,https://openmenu.fooddo.in/?Token=
https://openmenu.fooddo.in/?Token=wduno,Code - wduno,wduno,https://openmenu.fooddo.in/?Token=
https://openmenu.fooddo.in/?Token=tronq,Code - tronq,tronq,https://openmenu.fooddo.in/?Token=
https://openmenu.fooddo.in/?Token=saxyf,Code - saxyf,saxyf,https://openmenu.fooddo.in/?Token=
https://openmenu.fooddo.in/?Token=ztvso,Code - ztvso,ztvso,https://openmenu.fooddo.in/?Token=
https://openmenu.fooddo.in/?Token=takxx,Code - takxx,takxx,https://openmenu.fooddo.in/?Token=
https://openmenu.fooddo.in/?Token=wiiyk,Code - wiiyk,wiiyk,https://openmenu.fooddo.in/?Token=
https://openmenu.fooddo.in/?Token=etijt,Code - etijt,etijt,https://openmenu.fooddo.in/?Token=
https://openmenu.fooddo.in/?Token=mylbe,Code - mylbe,mylbe,https://openmenu.fooddo.in/?Token=
https://openmenu.fooddo.in/?Token=dngex,Code - dngex,dngex,https://openmenu.fooddo.in/?Token=
https://openmenu.fooddo.in/?Token=hgujd,Code - hgujd,hgujd,https://openmenu.fooddo.in/?Token=
https://openmenu.fooddo.in/?Token=ndvzg,Code - ndvzg,ndvzg,https://openmenu.fooddo.in/?Token=
https://openmenu.fooddo.in/?Token=abwvx,Code - abwvx,abwvx,https://openmenu.fooddo.in/?Token=
https://openmenu.fooddo.in/?Token=lhmbh,Code - lhmbh,lhmbh,https://openmenu.fooddo.in/?Token=
https://openmenu.fooddo.in/?Token=epgvx,Code - epgvx,epgvx,https://openmenu.fooddo.in/?Token=
https://openmenu.fooddo.in/?Token=opvcq,Code - opvcq,opvcq,https://openmenu.fooddo.in/?Token=
https://openmenu.fooddo.in/?Token=muecm,Code - muecm,muecm,https://openmenu.fooddo.in/?Token=
https://openmenu.fooddo.in/?Token=gvycb,Code - gvycb,gvycb,https://openmenu.fooddo.in/?Token=
https://openmenu.fooddo.in/?Token=ajdgu,Code - ajdgu,ajdgu,https://openmenu.fooddo.in/?Token=
https://openmenu.fooddo.in/?Token=iggxe,Code - iggxe,iggxe,https://openmenu.fooddo.in/?Token=
https://openmenu.fooddo.in/?Token=wdevf,Code - wdevf,wdevf,https://openmenu.fooddo.in/?Token=
https://openmenu.fooddo.in/?Token=yomkx,Code - yomkx,yomkx,https://openmenu.fooddo.in/?Token=
https://openmenu.fooddo.in/?Token=ohqzm,Code - ohqzm,ohqzm,https://openmenu.fooddo.in/?Token=
https://openmenu.fooddo.in/?Token=kntff,Code - kntff,kntff,https://openmenu.fooddo.in/?Token=
https://openmenu.fooddo.in/?Token=morlw,Code - morlw,morlw,https://openmenu.fooddo.in/?Token=
https://openmenu.fooddo.in/?Token=rwlir,Code - rwlir,rwlir,https://openmenu.fooddo.in/?Token=
https://openmenu.fooddo.in/?Token=qjpbr,Code - qjpbr,qjpbr,https://openmenu.fooddo.in/?Token=
https://openmenu.fooddo.in/?Token=zypkg,Code - zypkg,zypkg,https://openmenu.fooddo.in/?Token=
https://openmenu.fooddo.in/?Token=xhwwb,Code - xhwwb,xhwwb,https://openmenu.fooddo.in/?Token=
https://openmenu.fooddo.in/?Token=isubm,Code - isubm,isubm,https://openmenu.fooddo.in/?Token=
https://openmenu.fooddo.in/?Token=jevsh,Code - jevsh,jevsh,https://openmenu.fooddo.in/?Token=
https://openmenu.fooddo.in/?Token=ypgxs,Code - ypgxs,ypgxs,https://openmenu.fooddo.in/?Token=
https://openmenu.fooddo.in/?Token=okiup,Code - okiup,okiup,https://openmenu.fooddo.in/?Token=
https://openmenu.fooddo.in/?Token=clocs,Code - clocs,clocs,https://openmenu.fooddo.in/?Token=
https://openmenu.fooddo.in/?Token=zkfso,Code - zkfso,zkfso,https://openmenu.fooddo.in/?Token=
https://openmenu.fooddo.in/?Token=wckio,Code - wckio,wckio,https://openmenu.fooddo.in/?Token=
https://openmenu.fooddo.in/?Token=hgvle,Code - hgvle,hgvle,https://openmenu.fooddo.in/?Token=
https://openmenu.fooddo.in/?Token=qocft,Code - qocft,qocft,https://openmenu.fooddo.in/?Token=
https://openmenu.fooddo.in/?Token=ujhwp,Code - ujhwp,ujhwp,https://openmenu.fooddo.in/?Token=
https://openmenu.fooddo.in/?Token=xnylo,Code - xnylo,xnylo,https://openmenu.fooddo.in/?Token=
https://openmenu.fooddo.in/?Token=loees,Code - loees,loees,https://openmenu.fooddo.in/?Token=
https://openmenu.fooddo.in/?Token=hsctp,Code - hsctp,hsctp,https://openmenu.fooddo.in/?Token=
https://openmenu.fooddo.in/?Token=lbyyz,Code - lbyyz,lbyyz,https://openmenu.fooddo.in/?Token=
https://openmenu.fooddo.in/?Token=jxlmv,Code - jxlmv,jxlmv,https://openmenu.fooddo.in/?Token=
https://openmenu.fooddo.in/?Token=lfxdb,Code - lfxdb,lfxdb,https://openmenu.fooddo.in/?Token=
https://openmenu.fooddo.in/?Token=vfioq,Code - vfioq,vfioq,https://openmenu.fooddo.in/?Token=
https://openmenu.fooddo.in/?Token=rfajy,Code - rfajy,rfajy,https://openmenu.fooddo.in/?Token=
https://openmenu.fooddo.in/?Token=mfbkd,Code - mfbkd,mfbkd,https://openmenu.fooddo.in/?Token=
https://openmenu.fooddo.in/?Token=cryxy,Code - cryxy,cryxy,https://openmenu.fooddo.in/?Token=
https://openmenu.fooddo.in/?Token=wugln,Code - wugln,wugln,https://openmenu.fooddo.in/?Token=
https://openmenu.fooddo.in/?Token=ldgnw,Code - ldgnw,ldgnw,https://openmenu.fooddo.in/?Token=
https://openmenu.fooddo.in/?Token=ytuwr,Code - ytuwr,ytuwr,https://openmenu.fooddo.in/?Token=
https://openmenu.fooddo.in/?Token=jgtsv,Code - jgtsv,jgtsv,https://openmenu.fooddo.in/?Token=
https://openmenu.fooddo.in/?Token=emngb,Code - emngb,emngb,https://openmenu.fooddo.in/?Token=
https://openmenu.fooddo.in/?Token=vsmsd,Code - vsmsd,vsmsd,https://openmenu.fooddo.in/?Token=
https://openmenu.fooddo.in/?Token=jhbsk,Code - jhbsk,jhbsk,https://openmenu.fooddo.in/?Token=
https://openmenu.fooddo.in/?Token=racqv,Code - racqv,racqv,https://openmenu.fooddo.in/?Token=
https://openmenu.fooddo.in/?Token=srsfy,Code - srsfy,srsfy,https://openmenu.fooddo.in/?Token=
https://openmenu.fooddo.in/?Token=idepx,Code - idepx,idepx,https://openmenu.fooddo.in/?Token=
https://openmenu.fooddo.in/?Token=inoon,Code - inoon,inoon,https://openmenu.fooddo.in/?Token=
https://openmenu.fooddo.in/?Token=qrflo,Code - qrflo,qrflo,https://openmenu.fooddo.in/?Token=
https://openmenu.fooddo.in/?Token=xvgks,Code - xvgks,xvgks,https://openmenu.fooddo.in/?Token=
https://openmenu.fooddo.in/?Token=kgzxn,Code - kgzxn,kgzxn,https://openmenu.fooddo.in/?Token=
https://openmenu.fooddo.in/?Token=mlzkd,Code - mlzkd,mlzkd,https://openmenu.fooddo.in/?Token=
https://openmenu.fooddo.in/?Token=yelpa,Code - yelpa,yelpa,https://openmenu.fooddo.in/?Token=
https://openmenu.fooddo.in/?Token=bmzqg,Code - bmzqg,bmzqg,https://openmenu.fooddo.in/?Token=
https://openmenu.fooddo.in/?Token=bemdp,Code - bemdp,bemdp,https://openmenu.fooddo.in/?Token=
https://openmenu.fooddo.in/?Token=rvymg,Code - rvymg,rvymg,https://openmenu.fooddo.in/?Token=
https://openmenu.fooddo.in/?Token=deulk,Code - deulk,deulk,https://openmenu.fooddo.in/?Token=
https://openmenu.fooddo.in/?Token=ktqkz,Code - ktqkz,ktqkz,https://openmenu.fooddo.in/?Token=
https://openmenu.fooddo.in/?Token=puodg,Code - puodg,puodg,https://openmenu.fooddo.in/?Token=
https://openmenu.fooddo.in/?Token=sdtah,Code - sdtah,sdtah,https://openmenu.fooddo.in/?Token=
https://openmenu.fooddo.in/?Token=pvhkn,Code - pvhkn,pvhkn,https://openmenu.fooddo.in/?Token=
https://openmenu.fooddo.in/?Token=ddven,Code - ddven,ddven,https://openmenu.fooddo.in/?Token=
https://openmenu.fooddo.in/?Token=wtwfy,Code - wtwfy,wtwfy,https://openmenu.fooddo.in/?Token=
https://openmenu.fooddo.in/?Token=ddhfp,Code - ddhfp,ddhfp,https://openmenu.fooddo.in/?Token=
https://openmenu.fooddo.in/?Token=hcmbi,Code - hcmbi,hcmbi,https://openmenu.fooddo.in/?Token=
https://openmenu.fooddo.in/?Token=axpjc,Code - axpjc,axpjc,https://openmenu.fooddo.in/?Token=
https://openmenu.fooddo.in/?Token=uedya,Code - uedya,uedya,https://openmenu.fooddo.in/?Token=
https://openmenu.fooddo.in/?Token=yachb,Code - yachb,yachb,https://openmenu.fooddo.in/?Token=
https://openmenu.fooddo.in/?Token=gomtd,Code - gomtd,gomtd,https://openmenu.fooddo.in/?Token=
https://openmenu.fooddo.in/?Token=dzgsy,Code - dzgsy,dzgsy,https://openmenu.fooddo.in/?Token=
https://openmenu.fooddo.in/?Token=ttnbl,Code - ttnbl,ttnbl,https://openmenu.fooddo.in/?Token=
https://openmenu.fooddo.in/?Token=brusl,Code - brusl,brusl,https://openmenu.fooddo.in/?Token=
https://openmenu.fooddo.in/?Token=qsgbm,Code - qsgbm,qsgbm,https://openmenu.fooddo.in/?Token=
https://openmenu.fooddo.in/?Token=vamkh,Code - vamkh,vamkh,https://openmenu.fooddo.in/?Token=
https://openmenu.fooddo.in/?Token=owvfq,Code - owvfq,owvfq,https://openmenu.fooddo.in/?Token=
https://openmenu.fooddo.in/?Token=ixtxd,Code - ixtxd,ixtxd,https://openmenu.fooddo.in/?Token=
https://openmenu.fooddo.in/?Token=fzxqw,Code - fzxqw,fzxqw,https://openmenu.fooddo.in/?Token=
https://openmenu.fooddo.in/?Token=rpqaz,Code - rpqaz,rpqaz,https://openmenu.fooddo.in/?Token=
https://openmenu.fooddo.in/?Token=lnwmb,Code - lnwmb,lnwmb,https://openmenu.fooddo.in/?Token=
https://openmenu.fooddo.in/?Token=ylvzr,Code - ylvzr,ylvzr,https://openmenu.fooddo.in/?Token=
https://openmenu.fooddo.in/?Token=ovhaz,Code - ovhaz,ovhaz,https://openmenu.fooddo.in/?Token=
https://openmenu.fooddo.in/?Token=zugcm,Code - zugcm,zugcm,https://openmenu.fooddo.in/?Token=
https://openmenu.fooddo.in/?Token=aataa,Code - aataa,aataa,https://openmenu.fooddo.in/?Token=
https://openmenu.fooddo.in/?Token=mvltw,Code - mvltw,mvltw,https://openmenu.fooddo.in/?Token=
https://openmenu.fooddo.in/?Token=ombhc,Code - ombhc,ombhc,https://openmenu.fooddo.in/?Token=
https://openmenu.fooddo.in/?Token=rldia,Code - rldia,rldia,https://openmenu.fooddo.in/?Token=
https://openmenu.fooddo.in/?Token=myrwn,Code - myrwn,myrwn,https://openmenu.fooddo.in/?Token=
https://openmenu.fooddo.in/?Token=tomtm,Code - tomtm,tomtm,https://openmenu.fooddo.in/?Token=
https://openmenu.fooddo.in/?Token=upeft,Code - upeft,upeft,https://openmenu.fooddo.in/?Token=
https://openmenu.fooddo.in/?Token=jxbhq,Code - jxbhq,jxbhq,https://openmenu.fooddo.in/?Token=
https://openmenu.fooddo.in/?Token=thazs,Code - thazs,thazs,https://openmenu.fooddo.in/?Token=
https://openmenu.fooddo.in/?Token=sxjjt,Code - sxjjt,sxjjt,https://openmenu.fooddo.in/?Token=
https://openmenu.fooddo.in/?Token=zvmmq,Code - zvmmq,zvmmq,https://openmenu.fooddo.in/?Token=
https://openmenu.fooddo.in/?Token=szsga,Code - szsga,szsga,https://openmenu.fooddo.in/?Token=
https://openmenu.fooddo.in/?Token=vevol,Code - vevol,vevol,https://openmenu.fooddo.in/?Token=
https://openmenu.fooddo.in/?Token=lidqs,Code - lidqs,lidqs,https://openmenu.fooddo.in/?Token=
https://openmenu.fooddo.in/?Token=rkwio,Code - rkwio,rkwio,https://openmenu.fooddo.in/?Token=
https://openmenu.fooddo.in/?Token=ywdls,Code - ywdls,ywdls,https://openmenu.fooddo.in/?Token=
https://openmenu.fooddo.in/?Token=cyjpv,Code - cyjpv,cyjpv,https://openmenu.fooddo.in/?Token=
https://openmenu.fooddo.in/?Token=jmtmi,Code - jmtmi,jmtmi,https://openmenu.fooddo.in/?Token=
https://openmenu.fooddo.in/?Token=pejie,Code - pejie,pejie,https://openmenu.fooddo.in/?Token=
https://openmenu.fooddo.in/?Token=bghyt,Code - bghyt,bghyt,https://openmenu.fooddo.in/?Token=
https://openmenu.fooddo.in/?Token=ktaxl,Code - ktaxl,ktaxl,https://openmenu.fooddo.in/?Token=
https://openmenu.fooddo.in/?Token=ektep,Code - ektep,ektep,https://openmenu.fooddo.in/?Token=
https://openmenu.fooddo.in/?Token=annxq,Code - annxq,annxq,https://openmenu.fooddo.in/?Token=
https://openmenu.fooddo.in/?Token=wzoff,Code - wzoff,wzoff,https://openmenu.fooddo.in/?Token=
https://openmenu.fooddo.in/?Token=weyfs,Code - weyfs,weyfs,https://openmenu.fooddo.in/?Token=
https://openmenu.fooddo.in/?Token=gajmv,Code - gajmv,gajmv,https://openmenu.fooddo.in/?Token=
https://openmenu.fooddo.in/?Token=hjvev,Code - hjvev,hjvev,https://openmenu.fooddo.in/?Token=
https://openmenu.fooddo.in/?Token=ezdwk,Code - ezdwk,ezdwk,https://openmenu.fooddo.in/?Token=
https://openmenu.fooddo.in/?Token=uqwxc,Code - uqwxc,uqwxc,https://openmenu.fooddo.in/?Token=
https://openmenu.fooddo.in/?Token=trxal,Code - trxal,trxal,https://openmenu.fooddo.in/?Token=
https://openmenu.fooddo.in/?Token=ihjgb,Code - ihjgb,ihjgb,https://openmenu.fooddo.in/?Token=
https://openmenu.fooddo.in/?Token=qobdm,Code - qobdm,qobdm,https://openmenu.fooddo.in/?Token=
https://openmenu.fooddo.in/?Token=dsrpl,Code - dsrpl,dsrpl,https://openmenu.fooddo.in/?Token=
https://openmenu.fooddo.in/?Token=akokr,Code - akokr,akokr,https://openmenu.fooddo.in/?Token=
https://openmenu.fooddo.in/?Token=hkcoa,Code - hkcoa,hkcoa,https://openmenu.fooddo.in/?Token=
https://openmenu.fooddo.in/?Token=tomfe,Code - tomfe,tomfe,https://openmenu.fooddo.in/?Token=
https://openmenu.fooddo.in/?Token=khksc,Code - khksc,khksc,https://openmenu.fooddo.in/?Token=
https://openmenu.fooddo.in/?Token=rudsx,Code - rudsx,rudsx,https://openmenu.fooddo.in/?Token=
https://openmenu.fooddo.in/?Token=iiewi,Code - iiewi,iiewi,https://openmenu.fooddo.in/?Token=
https://openmenu.fooddo.in/?Token=cmnci,Code - cmnci,cmnci,https://openmenu.fooddo.in/?Token=
https://openmenu.fooddo.in/?Token=aiytz,Code - aiytz,aiytz,https://openmenu.fooddo.in/?Token=
https://openmenu.fooddo.in/?Token=zjzgq,Code - zjzgq,zjzgq,https://openmenu.fooddo.in/?Token=
https://openmenu.fooddo.in/?Token=xcjic,Code - xcjic,xcjic,https://openmenu.fooddo.in/?Token=
https://openmenu.fooddo.in/?Token=jlicn,Code - jlicn,jlicn,https://openmenu.fooddo.in/?Token=
https://openmenu.fooddo.in/?Token=yjlfl,Code - yjlfl,yjlfl,https://openmenu.fooddo.in/?Token=
https://openmenu.fooddo.in/?Token=lkvlj,Code - lkvlj,lkvlj,https://openmenu.fooddo.in/?Token=
https://openmenu.fooddo.in/?Token=bhnvz,Code - bhnvz,bhnvz,https://openmenu.fooddo.in/?Token=
https://openmenu.fooddo.in/?Token=sipuk,Code - sipuk,sipuk,https://openmenu.fooddo.in/?Token=
https://openmenu.fooddo.in/?Token=lecto,Code - lecto,lecto,https://openmenu.fooddo.in/?Token=
https://openmenu.fooddo.in/?Token=ixpqe,Code - ixpqe,ixpqe,https://openmenu.fooddo.in/?Token=
https://openmenu.fooddo.in/?Token=wfhlr,Code - wfhlr,wfhlr,https://openmenu.fooddo.in/?Token=
https://openmenu.fooddo.in/?Token=vgjqr,Code - vgjqr,vgjqr,https://openmenu.fooddo.in/?Token=
https://openmenu.fooddo.in/?Token=dygxi,Code - dygxi,dygxi,https://openmenu.fooddo.in/?Token=
https://openmenu.fooddo.in/?Token=gmzat,Code - gmzat,gmzat,https://openmenu.fooddo.in/?Token=
https://openmenu.fooddo.in/?Token=buvnf,Code - buvnf,buvnf,https://openmenu.fooddo.in/?Token=
https://openmenu.fooddo.in/?Token=fmwft,Code - fmwft,fmwft,https://openmenu.fooddo.in/?Token=
https://openmenu.fooddo.in/?Token=ccyyp,Code - ccyyp,ccyyp,https://openmenu.fooddo.in/?Token=
https://openmenu.fooddo.in/?Token=wwehi,Code - wwehi,wwehi,https://openmenu.fooddo.in/?Token=
https://openmenu.fooddo.in/?Token=hqwhk,Code - hqwhk,hqwhk,https://openmenu.fooddo.in/?Token=
https://openmenu.fooddo.in/?Token=zvwuj,Code - zvwuj,zvwuj,https://openmenu.fooddo.in/?Token=
https://openmenu.fooddo.in/?Token=eyhzr,Code - eyhzr,eyhzr,https://openmenu.fooddo.in/?Token=
https://openmenu.fooddo.in/?Token=fjmto,Code - fjmto,fjmto,https://openmenu.fooddo.in/?Token=
https://openmenu.fooddo.in/?Token=wxkvd,Code - wxkvd,wxkvd,https://openmenu.fooddo.in/?Token=
https://openmenu.fooddo.in/?Token=kmifa,Code - kmifa,kmifa,https://openmenu.fooddo.in/?Token=
https://openmenu.fooddo.in/?Token=fqrzs,Code - fqrzs,fqrzs,https://openmenu.fooddo.in/?Token=
https://openmenu.fooddo.in/?Token=spanr,Code - spanr,spanr,https://openmenu.fooddo.in/?Token=
https://openmenu.fooddo.in/?Token=mhadu,Code - mhadu,mhadu,https://openmenu.fooddo.in/?Token=
https://openmenu.fooddo.in/?Token=arsri,Code - arsri,arsri,https://openmenu.fooddo.in/?Token=
https://openmenu.fooddo.in/?Token=doqnj,Code - doqnj,doqnj,https://openmenu.fooddo.in/?Token=
https://openmenu.fooddo.in/?Token=xsava,Code - xsava,xsava,https://openmenu.fooddo.in/?Token=
https://openmenu.fooddo.in/?Token=lbaar,Code - lbaar,lbaar,https://openmenu.fooddo.in/?Token=
https://openmenu.fooddo.in/?Token=kvfgg,Code - kvfgg,kvfgg,https://openmenu.fooddo.in/?Token=
https://openmenu.fooddo.in/?Token=umnmk,Code - umnmk,umnmk,https://openmenu.fooddo.in/?Token=
https://openmenu.fooddo.in/?Token=qzuzz,Code - qzuzz,qzuzz,https://openmenu.fooddo.in/?Token=
https://openmenu.fooddo.in/?Token=fwjcf,Code - fwjcf,fwjcf,https://openmenu.fooddo.in/?Token=
https://openmenu.fooddo.in/?Token=zolte,Code - zolte,zolte,https://openmenu.fooddo.in/?Token=
https://openmenu.fooddo.in/?Token=fjydq,Code - fjydq,fjydq,https://openmenu.fooddo.in/?Token=
https://openmenu.fooddo.in/?Token=nelsf,Code - nelsf,nelsf,https://openmenu.fooddo.in/?Token=
https://openmenu.fooddo.in/?Token=aokrl,Code - aokrl,aokrl,https://openmenu.fooddo.in/?Token=
https://openmenu.fooddo.in/?Token=rsdjo,Code - rsdjo,rsdjo,https://openmenu.fooddo.in/?Token=
https://openmenu.fooddo.in/?Token=vcyts,Code - vcyts,vcyts,https://openmenu.fooddo.in/?Token=
https://openmenu.fooddo.in/?Token=ajakj,Code - ajakj,ajakj,https://openmenu.fooddo.in/?Token=
https://openmenu.fooddo.in/?Token=osvxc,Code - osvxc,osvxc,https://openmenu.fooddo.in/?Token=
https://openmenu.fooddo.in/?Token=kotub,Code - kotub,kotub,https://openmenu.fooddo.in/?Token=
https://openmenu.fooddo.in/?Token=uscid,Code - uscid,uscid,https://openmenu.fooddo.in/?Token=
https://openmenu.fooddo.in/?Token=dcjxc,Code - dcjxc,dcjxc,https://openmenu.fooddo.in/?Token=
https://openmenu.fooddo.in/?Token=mfdgu,Code - mfdgu,mfdgu,https://openmenu.fooddo.in/?Token=
https://openmenu.fooddo.in/?Token=gtmnd,Code - gtmnd,gtmnd,https://openmenu.fooddo.in/?Token=
https://openmenu.fooddo.in/?Token=hovfe,Code - hovfe,hovfe,https://openmenu.fooddo.in/?Token=
https://openmenu.fooddo.in/?Token=dkvnd,Code - dkvnd,dkvnd,https://openmenu.fooddo.in/?Token=
https://openmenu.fooddo.in/?Token=lscec,Code - lscec,lscec,https://openmenu.fooddo.in/?Token=
https://openmenu.fooddo.in/?Token=wwxsp,Code - wwxsp,wwxsp,https://openmenu.fooddo.in/?Token=
https://openmenu.fooddo.in/?Token=txvfc,Code - txvfc,txvfc,https://openmenu.fooddo.in/?Token=
https://openmenu.fooddo.in/?Token=lgtvj,Code - lgtvj,lgtvj,https://openmenu.fooddo.in/?Token=
https://openmenu.fooddo.in/?Token=oqmvn,Code - oqmvn,oqmvn,https://openmenu.fooddo.in/?Token=
https://openmenu.fooddo.in/?Token=bwbio,Code - bwbio,bwbio,https://openmenu.fooddo.in/?Token=
https://openmenu.fooddo.in/?Token=hilfu,Code - hilfu,hilfu,https://openmenu.fooddo.in/?Token=
https://openmenu.fooddo.in/?Token=ohzhl,Code - ohzhl,ohzhl,https://openmenu.fooddo.in/?Token=
https://openmenu.fooddo.in/?Token=mnves,Code - mnves,mnves,https://openmenu.fooddo.in/?Token=
https://openmenu.fooddo.in/?Token=ihdko,Code - ihdko,ihdko,https://openmenu.fooddo.in/?Token=
https://openmenu.fooddo.in/?Token=ozjbk,Code - ozjbk,ozjbk,https://openmenu.fooddo.in/?Token=
https://openmenu.fooddo.in/?Token=xwlaq,Code - xwlaq,xwlaq,https://openmenu.fooddo.in/?Token=
https://openmenu.fooddo.in/?Token=exoiz,Code - exoiz,exoiz,https://openmenu.fooddo.in/?Token=
https://openmenu.fooddo.in/?Token=pkfxn,Code - pkfxn,pkfxn,https://openmenu.fooddo.in/?Token=
https://openmenu.fooddo.in/?Token=dsnmu,Code - dsnmu,dsnmu,https://openmenu.fooddo.in/?Token=
https://openmenu.fooddo.in/?Token=pmowe,Code - pmowe,pmowe,https://openmenu.fooddo.in/?Token=
https://openmenu.fooddo.in/?Token=rqliq,Code - rqliq,rqliq,https://openmenu.fooddo.in/?Token=
https://openmenu.fooddo.in/?Token=dalcy,Code - dalcy,dalcy,https://openmenu.fooddo.in/?Token=
https://openmenu.fooddo.in/?Token=mimsc,Code - mimsc,mimsc,https://openmenu.fooddo.in/?Token=
https://openmenu.fooddo.in/?Token=ahfnn,Code - ahfnn,ahfnn,https://openmenu.fooddo.in/?Token=
https://openmenu.fooddo.in/?Token=nzrfd,Code - nzrfd,nzrfd,https://openmenu.fooddo.in/?Token=
https://openmenu.fooddo.in/?Token=xhrqp,Code - xhrqp,xhrqp,https://openmenu.fooddo.in/?Token=
https://openmenu.fooddo.in/?Token=eakif,Code - eakif,eakif,https://openmenu.fooddo.in/?Token=
https://openmenu.fooddo.in/?Token=wpxna,Code - wpxna,wpxna,https://openmenu.fooddo.in/?Token=
https://openmenu.fooddo.in/?Token=ynmii,Code - ynmii,ynmii,https://openmenu.fooddo.in/?Token=
https://openmenu.fooddo.in/?Token=ghxda,Code - ghxda,ghxda,https://openmenu.fooddo.in/?Token=
https://openmenu.fooddo.in/?Token=skayx,Code - skayx,skayx,https://openmenu.fooddo.in/?Token=
https://openmenu.fooddo.in/?Token=pkmye,Code - pkmye,pkmye,https://openmenu.fooddo.in/?Token=
https://openmenu.fooddo.in/?Token=itnpl,Code - itnpl,itnpl,https://openmenu.fooddo.in/?Token=
https://openmenu.fooddo.in/?Token=ylhvl,Code - ylhvl,ylhvl,https://openmenu.fooddo.in/?Token=
https://openmenu.fooddo.in/?Token=xlukv,Code - xlukv,xlukv,https://openmenu.fooddo.in/?Token=
https://openmenu.fooddo.in/?Token=gcyfc,Code - gcyfc,gcyfc,https://openmenu.fooddo.in/?Token=
https://openmenu.fooddo.in/?Token=ffzyk,Code - ffzyk,ffzyk,https://openmenu.fooddo.in/?Token=
https://openmenu.fooddo.in/?Token=zmkcq,Code - zmkcq,zmkcq,https://openmenu.fooddo.in/?Token=
https://openmenu.fooddo.in/?Token=ijfqq,Code - ijfqq,ijfqq,https://openmenu.fooddo.in/?Token=
https://openmenu.fooddo.in/?Token=eukji,Code - eukji,eukji,https://openmenu.fooddo.in/?Token=
https://openmenu.fooddo.in/?Token=jmnok,Code - jmnok,jmnok,https://openmenu.fooddo.in/?Token=
https://openmenu.fooddo.in/?Token=tyqij,Code - tyqij,tyqij,https://openmenu.fooddo.in/?Token=
https://openmenu.fooddo.in/?Token=pcedy,Code - pcedy,pcedy,https://openmenu.fooddo.in/?Token=
https://openmenu.fooddo.in/?Token=fqhur,Code - fqhur,fqhur,https://openmenu.fooddo.in/?Token=
https://openmenu.fooddo.in/?Token=eajpd,Code - eajpd,eajpd,https://openmenu.fooddo.in/?Token=
https://openmenu.fooddo.in/?Token=ojyay,Code - ojyay,ojyay,https://openmenu.fooddo.in/?Token=
https://openmenu.fooddo.in/?Token=hmyoj,Code - hmyoj,hmyoj,https://openmenu.fooddo.in/?Token=
https://openmenu.fooddo.in/?Token=lbocx,Code - lbocx,lbocx,https://openmenu.fooddo.in/?Token=
https://openmenu.fooddo.in/?Token=ltdez,Code - ltdez,ltdez,https://openmenu.fooddo.in/?Token=
https://openmenu.fooddo.in/?Token=ujqhk,Code - ujqhk,ujqhk,https://openmenu.fooddo.in/?Token=
https://openmenu.fooddo.in/?Token=ixjor,Code - ixjor,ixjor,https://openmenu.fooddo.in/?Token=
https://openmenu.fooddo.in/?Token=xbyll,Code - xbyll,xbyll,https://openmenu.fooddo.in/?Token=
https://openmenu.fooddo.in/?Token=offgi,Code - offgi,offgi,https://openmenu.fooddo.in/?Token=
https://openmenu.fooddo.in/?Token=nrdzn,Code - nrdzn,nrdzn,https://openmenu.fooddo.in/?Token=
https://openmenu.fooddo.in/?Token=xgttw,Code - xgttw,xgttw,https://openmenu.fooddo.in/?Token=
https://openmenu.fooddo.in/?Token=isxzv,Code - isxzv,isxzv,https://openmenu.fooddo.in/?Token=
https://openmenu.fooddo.in/?Token=uwcag,Code - uwcag,uwcag,https://openmenu.fooddo.in/?Token=
https://openmenu.fooddo.in/?Token=sbpql,Code - sbpql,sbpql,https://openmenu.fooddo.in/?Token=
https://openmenu.fooddo.in/?Token=tzktm,Code - tzktm,tzktm,https://openmenu.fooddo.in/?Token=
https://openmenu.fooddo.in/?Token=qilqo,Code - qilqo,qilqo,https://openmenu.fooddo.in/?Token=
https://openmenu.fooddo.in/?Token=olhpj,Code - olhpj,olhpj,https://openmenu.fooddo.in/?Token=
https://openmenu.fooddo.in/?Token=jwwnu,Code - jwwnu,jwwnu,https://openmenu.fooddo.in/?Token=
https://openmenu.fooddo.in/?Token=fgbuj,Code - fgbuj,fgbuj,https://openmenu.fooddo.in/?Token=
https://openmenu.fooddo.in/?Token=fdglg,Code - fdglg,fdglg,https://openmenu.fooddo.in/?Token=
https://openmenu.fooddo.in/?Token=mfddm,Code - mfddm,mfddm,https://openmenu.fooddo.in/?Token=
https://openmenu.fooddo.in/?Token=twotb,Code - twotb,twotb,https://openmenu.fooddo.in/?Token=
https://openmenu.fooddo.in/?Token=almnj,Code - almnj,almnj,https://openmenu.fooddo.in/?Token=
https://openmenu.fooddo.in/?Token=tzmcy,Code - tzmcy,tzmcy,https://openmenu.fooddo.in/?Token=
https://openmenu.fooddo.in/?Token=eywpx,Code - eywpx,eywpx,https://openmenu.fooddo.in/?Token=
https://openmenu.fooddo.in/?Token=vincb,Code - vincb,vincb,https://openmenu.fooddo.in/?Token=
https://openmenu.fooddo.in/?Token=xgpxv,Code - xgpxv,xgpxv,https://openmenu.fooddo.in/?Token=
https://openmenu.fooddo.in/?Token=fjfeo,Code - fjfeo,fjfeo,https://openmenu.fooddo.in/?Token=
https://openmenu.fooddo.in/?Token=hvkcs,Code - hvkcs,hvkcs,https://openmenu.fooddo.in/?Token=
https://openmenu.fooddo.in/?Token=ynvkv,Code - ynvkv,ynvkv,https://openmenu.fooddo.in/?Token=
https://openmenu.fooddo.in/?Token=afuop,Code - afuop,afuop,https://openmenu.fooddo.in/?Token=
https://openmenu.fooddo.in/?Token=haiqo,Code - haiqo,haiqo,https://openmenu.fooddo.in/?Token=
https://openmenu.fooddo.in/?Token=eipbb,Code - eipbb,eipbb,https://openmenu.fooddo.in/?Token=
https://openmenu.fooddo.in/?Token=xwyik,Code - xwyik,xwyik,https://openmenu.fooddo.in/?Token=
https://openmenu.fooddo.in/?Token=mntxw,Code - mntxw,mntxw,https://openmenu.fooddo.in/?Token=
https://openmenu.fooddo.in/?Token=wslev,Code - wslev,wslev,https://openmenu.fooddo.in/?Token=
https://openmenu.fooddo.in/?Token=ttvqf,Code - ttvqf,ttvqf,https://openmenu.fooddo.in/?Token=
https://openmenu.fooddo.in/?Token=cggsj,Code - cggsj,cggsj,https://openmenu.fooddo.in/?Token=
https://openmenu.fooddo.in/?Token=gxyty,Code - gxyty,gxyty,https://openmenu.fooddo.in/?Token=
https://openmenu.fooddo.in/?Token=oypyn,Code - oypyn,oypyn,https://openmenu.fooddo.in/?Token=
https://openmenu.fooddo.in/?Token=qrquy,Code - qrquy,qrquy,https://openmenu.fooddo.in/?Token=
https://openmenu.fooddo.in/?Token=flzue,Code - flzue,flzue,https://openmenu.fooddo.in/?Token=
https://openmenu.fooddo.in/?Token=bujyd,Code - bujyd,bujyd,https://openmenu.fooddo.in/?Token=
https://openmenu.fooddo.in/?Token=fennj,Code - fennj,fennj,https://openmenu.fooddo.in/?Token=
https://openmenu.fooddo.in/?Token=vvdwr,Code - vvdwr,vvdwr,https://openmenu.fooddo.in/?Token=
https://openmenu.fooddo.in/?Token=xuxkt,Code - xuxkt,xuxkt,https://openmenu.fooddo.in/?Token=
https://openmenu.fooddo.in/?Token=mfzzp,Code - mfzzp,mfzzp,https://openmenu.fooddo.in/?Token=
https://openmenu.fooddo.in/?Token=pxwjs,Code - pxwjs,pxwjs,https://openmenu.fooddo.in/?Token=
https://openmenu.fooddo.in/?Token=jwfwi,Code - jwfwi,jwfwi,https://openmenu.fooddo.in/?Token=
https://openmenu.fooddo.in/?Token=uxhlx,Code - uxhlx,uxhlx,https://openmenu.fooddo.in/?Token=
https://openmenu.fooddo.in/?Token=rtqxb,Code - rtqxb,rtqxb,https://openmenu.fooddo.in/?Token=
https://openmenu.fooddo.in/?Token=dygyc,Code - dygyc,dygyc,https://openmenu.fooddo.in/?Token=
https://openmenu.fooddo.in/?Token=lishw,Code - lishw,lishw,https://openmenu.fooddo.in/?Token=
https://openmenu.fooddo.in/?Token=fxcbe,Code - fxcbe,fxcbe,https://openmenu.fooddo.in/?Token=
https://openmenu.fooddo.in/?Token=hyxep,Code - hyxep,hyxep,https://openmenu.fooddo.in/?Token=
https://openmenu.fooddo.in/?Token=ppfwg,Code - ppfwg,ppfwg,https://openmenu.fooddo.in/?Token=
https://openmenu.fooddo.in/?Token=jtxql,Code - jtxql,jtxql,https://openmenu.fooddo.in/?Token=
https://openmenu.fooddo.in/?Token=ugetv,Code - ugetv,ugetv,https://openmenu.fooddo.in/?Token=
https://openmenu.fooddo.in/?Token=cwskf,Code - cwskf,cwskf,https://openmenu.fooddo.in/?Token=
https://openmenu.fooddo.in/?Token=kvzli,Code - kvzli,kvzli,https://openmenu.fooddo.in/?Token=
https://openmenu.fooddo.in/?Token=avpse,Code - avpse,avpse,https://openmenu.fooddo.in/?Token=
https://openmenu.fooddo.in/?Token=jscoe,Code - jscoe,jscoe,https://openmenu.fooddo.in/?Token=
https://openmenu.fooddo.in/?Token=ydcyl,Code - ydcyl,ydcyl,https://openmenu.fooddo.in/?Token=
https://openmenu.fooddo.in/?Token=vwfag,Code - vwfag,vwfag,https://openmenu.fooddo.in/?Token=
https://openmenu.fooddo.in/?Token=umdqw,Code - umdqw,umdqw,https://openmenu.fooddo.in/?Token=
https://openmenu.fooddo.in/?Token=khfgr,Code - khfgr,khfgr,https://openmenu.fooddo.in/?Token=
https://openmenu.fooddo.in/?Token=ppvyh,Code - ppvyh,ppvyh,https://openmenu.fooddo.in/?Token=
https://openmenu.fooddo.in/?Token=lpvha,Code - lpvha,lpvha,https://openmenu.fooddo.in/?Token=
https://openmenu.fooddo.in/?Token=bpvob,Code - bpvob,bpvob,https://openmenu.fooddo.in/?Token=
https://openmenu.fooddo.in/?Token=pzxiu,Code - pzxiu,pzxiu,https://openmenu.fooddo.in/?Token=
https://openmenu.fooddo.in/?Token=tdoef,Code - tdoef,tdoef,https://openmenu.fooddo.in/?Token=
https://openmenu.fooddo.in/?Token=liaip,Code - liaip,liaip,https://openmenu.fooddo.in/?Token=
https://openmenu.fooddo.in/?Token=tdjxn,Code - tdjxn,tdjxn,https://openmenu.fooddo.in/?Token=
https://openmenu.fooddo.in/?Token=abttm,Code - abttm,abttm,https://openmenu.fooddo.in/?Token=
https://openmenu.fooddo.in/?Token=vlxwa,Code - vlxwa,vlxwa,https://openmenu.fooddo.in/?Token=
https://openmenu.fooddo.in/?Token=nalgp,Code - nalgp,nalgp,https://openmenu.fooddo.in/?Token=
https://openmenu.fooddo.in/?Token=qngnv,Code - qngnv,qngnv,https://openmenu.fooddo.in/?Token=
https://openmenu.fooddo.in/?Token=xzmos,Code - xzmos,xzmos,https://openmenu.fooddo.in/?Token=
https://openmenu.fooddo.in/?Token=komxv,Code - komxv,komxv,https://openmenu.fooddo.in/?Token=
https://openmenu.fooddo.in/?Token=gtvvb,Code - gtvvb,gtvvb,https://openmenu.fooddo.in/?Token=
https://openmenu.fooddo.in/?Token=gcnbp,Code - gcnbp,gcnbp,https://openmenu.fooddo.in/?Token=
https://openmenu.fooddo.in/?Token=hmgso,Code - hmgso,hmgso,https://openmenu.fooddo.in/?Token=
https://openmenu.fooddo.in/?Token=udpid,Code - udpid,udpid,https://openmenu.fooddo.in/?Token=
https://openmenu.fooddo.in/?Token=kavkc,Code - kavkc,kavkc,https://openmenu.fooddo.in/?Token=
https://openmenu.fooddo.in/?Token=hcjfs,Code - hcjfs,hcjfs,https://openmenu.fooddo.in/?Token=
https://openmenu.fooddo.in/?Token=pmnsn,Code - pmnsn,pmnsn,https://openmenu.fooddo.in/?Token=
https://openmenu.fooddo.in/?Token=vatln,Code - vatln,vatln,https://openmenu.fooddo.in/?Token=
https://openmenu.fooddo.in/?Token=grgcw,Code - grgcw,grgcw,https://openmenu.fooddo.in/?Token=
https://openmenu.fooddo.in/?Token=jvuyo,Code - jvuyo,jvuyo,https://openmenu.fooddo.in/?Token=
https://openmenu.fooddo.in/?Token=djtrn,Code - djtrn,djtrn,https://openmenu.fooddo.in/?Token=
https://openmenu.fooddo.in/?Token=najkj,Code - najkj,najkj,https://openmenu.fooddo.in/?Token=
https://openmenu.fooddo.in/?Token=grsur,Code - grsur,grsur,https://openmenu.fooddo.in/?Token=
https://openmenu.fooddo.in/?Token=xtroy,Code - xtroy,xtroy,https://openmenu.fooddo.in/?Token=
https://openmenu.fooddo.in/?Token=btyff,Code - btyff,btyff,https://openmenu.fooddo.in/?Token=
https://openmenu.fooddo.in/?Token=bbczb,Code - bbczb,bbczb,https://openmenu.fooddo.in/?Token=
https://openmenu.fooddo.in/?Token=arllu,Code - arllu,arllu,https://openmenu.fooddo.in/?Token=
https://openmenu.fooddo.in/?Token=udjxj,Code - udjxj,udjxj,https://openmenu.fooddo.in/?Token=
https://openmenu.fooddo.in/?Token=nbwmy,Code - nbwmy,nbwmy,https://openmenu.fooddo.in/?Token=
https://openmenu.fooddo.in/?Token=rjuwz,Code - rjuwz,rjuwz,https://openmenu.fooddo.in/?Token=
https://openmenu.fooddo.in/?Token=vmrpd,Code - vmrpd,vmrpd,https://openmenu.fooddo.in/?Token=
https://openmenu.fooddo.in/?Token=nbzmx,Code - nbzmx,nbzmx,https://openmenu.fooddo.in/?Token=
https://openmenu.fooddo.in/?Token=lmxnu,Code - lmxnu,lmxnu,https://openmenu.fooddo.in/?Token=
https://openmenu.fooddo.in/?Token=qpsdp,Code - qpsdp,qpsdp,https://openmenu.fooddo.in/?Token=
https://openmenu.fooddo.in/?Token=bkakb,Code - bkakb,bkakb,https://openmenu.fooddo.in/?Token=
https://openmenu.fooddo.in/?Token=bczfs,Code - bczfs,bczfs,https://openmenu.fooddo.in/?Token=
https://openmenu.fooddo.in/?Token=qeayk,Code - qeayk,qeayk,https://openmenu.fooddo.in/?Token=
https://openmenu.fooddo.in/?Token=kmkwo,Code - kmkwo,kmkwo,https://openmenu.fooddo.in/?Token=
https://openmenu.fooddo.in/?Token=juykg,Code - juykg,juykg,https://openmenu.fooddo.in/?Token=
https://openmenu.fooddo.in/?Token=anjim,Code - anjim,anjim,https://openmenu.fooddo.in/?Token=
https://openmenu.fooddo.in/?Token=jkndq,Code - jkndq,jkndq,https://openmenu.fooddo.in/?Token=
https://openmenu.fooddo.in/?Token=vnfme,Code - vnfme,vnfme,https://openmenu.fooddo.in/?Token=
https://openmenu.fooddo.in/?Token=vjyrg,Code - vjyrg,vjyrg,https://openmenu.fooddo.in/?Token=
https://openmenu.fooddo.in/?Token=atucc,Code - atucc,atucc,https://openmenu.fooddo.in/?Token=
https://openmenu.fooddo.in/?Token=hhidm,Code - hhidm,hhidm,https://openmenu.fooddo.in/?Token=
https://openmenu.fooddo.in/?Token=skczh,Code - skczh,skczh,https://openmenu.fooddo.in/?Token=
https://openmenu.fooddo.in/?Token=ydiey,Code - ydiey,ydiey,https://openmenu.fooddo.in/?Token=
https://openmenu.fooddo.in/?Token=ghpcd,Code - ghpcd,ghpcd,https://openmenu.fooddo.in/?Token=
https://openmenu.fooddo.in/?Token=ckcqe,Code - ckcqe,ckcqe,https://openmenu.fooddo.in/?Token=
https://openmenu.fooddo.in/?Token=iinlv,Code - iinlv,iinlv,https://openmenu.fooddo.in/?Token=
https://openmenu.fooddo.in/?Token=fhafb,Code - fhafb,fhafb,https://openmenu.fooddo.in/?Token=
https://openmenu.fooddo.in/?Token=fcajv,Code - fcajv,fcajv,https://openmenu.fooddo.in/?Token=
https://openmenu.fooddo.in/?Token=koxfk,Code - koxfk,koxfk,https://openmenu.fooddo.in/?Token=
https://openmenu.fooddo.in/?Token=xnbpy,Code - xnbpy,xnbpy,https://openmenu.fooddo.in/?Token=
https://openmenu.fooddo.in/?Token=sgmce,Code - sgmce,sgmce,https://openmenu.fooddo.in/?Token=
https://openmenu.fooddo.in/?Token=ceyvw,Code - ceyvw,ceyvw,https://openmenu.fooddo.in/?Token=
https://openmenu.fooddo.in/?Token=prdvt,Code - prdvt,prdvt,https://openmenu.fooddo.in/?Token=
https://openmenu.fooddo.in/?Token=roqcb,Code - roqcb,roqcb,https://openmenu.fooddo.in/?Token=
https://openmenu.fooddo.in/?Token=eiflp,Code - eiflp,eiflp,https://openmenu.fooddo.in/?Token=
https://openmenu.fooddo.in/?Token=osjoi,Code - osjoi,osjoi,https://openmenu.fooddo.in/?Token=
https://openmenu.fooddo.in/?Token=ldjpp,Code - ldjpp,ldjpp,https://openmenu.fooddo.in/?Token=
https://openmenu.fooddo.in/?Token=fdwgw,Code - fdwgw,fdwgw,https://openmenu.fooddo.in/?Token=
https://openmenu.fooddo.in/?Token=xdqvc,Code - xdqvc,xdqvc,https://openmenu.fooddo.in/?Token=
https://openmenu.fooddo.in/?Token=smdfy,Code - smdfy,smdfy,https://openmenu.fooddo.in/?Token=
https://openmenu.fooddo.in/?Token=tyofg,Code - tyofg,tyofg,https://openmenu.fooddo.in/?Token=
https://openmenu.fooddo.in/?Token=oyssj,Code - oyssj,oyssj,https://openmenu.fooddo.in/?Token=
https://openmenu.fooddo.in/?Token=njgin,Code - njgin,njgin,https://openmenu.fooddo.in/?Token=
https://openmenu.fooddo.in/?Token=pazeb,Code - pazeb,pazeb,https://openmenu.fooddo.in/?Token=
https://openmenu.fooddo.in/?Token=xleiz,Code - xleiz,xleiz,https://openmenu.fooddo.in/?Token=
https://openmenu.fooddo.in/?Token=rhrzh,Code - rhrzh,rhrzh,https://openmenu.fooddo.in/?Token=
https://openmenu.fooddo.in/?Token=ugbzs,Code - ugbzs,ugbzs,https://openmenu.fooddo.in/?Token=
https://openmenu.fooddo.in/?Token=ehrki,Code - ehrki,ehrki,https://openmenu.fooddo.in/?Token=
https://openmenu.fooddo.in/?Token=mksds,Code - mksds,mksds,https://openmenu.fooddo.in/?Token=
https://openmenu.fooddo.in/?Token=bzmmy,Code - bzmmy,bzmmy,https://openmenu.fooddo.in/?Token=
https://openmenu.fooddo.in/?Token=irisk,Code - irisk,irisk,https://openmenu.fooddo.in/?Token=
https://openmenu.fooddo.in/?Token=xlhoy,Code - xlhoy,xlhoy,https://openmenu.fooddo.in/?Token=
https://openmenu.fooddo.in/?Token=kmuns,Code - kmuns,kmuns,https://openmenu.fooddo.in/?Token=
https://openmenu.fooddo.in/?Token=feenh,Code - feenh,feenh,https://openmenu.fooddo.in/?Token=
https://openmenu.fooddo.in/?Token=xueyl,Code - xueyl,xueyl,https://openmenu.fooddo.in/?Token=
https://openmenu.fooddo.in/?Token=jurbo,Code - jurbo,jurbo,https://openmenu.fooddo.in/?Token=
https://openmenu.fooddo.in/?Token=xavtr,Code - xavtr,xavtr,https://openmenu.fooddo.in/?Token=
https://openmenu.fooddo.in/?Token=gqwxo,Code - gqwxo,gqwxo,https://openmenu.fooddo.in/?Token=
https://openmenu.fooddo.in/?Token=rcrsm,Code - rcrsm,rcrsm,https://openmenu.fooddo.in/?Token=
https://openmenu.fooddo.in/?Token=spnlt,Code - spnlt,spnlt,https://openmenu.fooddo.in/?Token=
https://openmenu.fooddo.in/?Token=ygyim,Code - ygyim,ygyim,https://openmenu.fooddo.in/?Token=
https://openmenu.fooddo.in/?Token=zufxn,Code - zufxn,zufxn,https://openmenu.fooddo.in/?Token=
https://openmenu.fooddo.in/?Token=esfcj,Code - esfcj,esfcj,https://openmenu.fooddo.in/?Token=
https://openmenu.fooddo.in/?Token=hupnk,Code - hupnk,hupnk,https://openmenu.fooddo.in/?Token=
https://openmenu.fooddo.in/?Token=gtzfm,Code - gtzfm,gtzfm,https://openmenu.fooddo.in/?Token=
https://openmenu.fooddo.in/?Token=ujqzy,Code - ujqzy,ujqzy,https://openmenu.fooddo.in/?Token=
https://openmenu.fooddo.in/?Token=giarz,Code - giarz,giarz,https://openmenu.fooddo.in/?Token=
https://openmenu.fooddo.in/?Token=lfpbh,Code - lfpbh,lfpbh,https://openmenu.fooddo.in/?Token=
https://openmenu.fooddo.in/?Token=jkelj,Code - jkelj,jkelj,https://openmenu.fooddo.in/?Token=
https://openmenu.fooddo.in/?Token=wjtoc,Code - wjtoc,wjtoc,https://openmenu.fooddo.in/?Token=
https://openmenu.fooddo.in/?Token=ojuaz,Code - ojuaz,ojuaz,https://openmenu.fooddo.in/?Token=
https://openmenu.fooddo.in/?Token=gwzzv,Code - gwzzv,gwzzv,https://openmenu.fooddo.in/?Token=
https://openmenu.fooddo.in/?Token=ekqqs,Code - ekqqs,ekqqs,https://openmenu.fooddo.in/?Token=
https://openmenu.fooddo.in/?Token=phwbr,Code - phwbr,phwbr,https://openmenu.fooddo.in/?Token=
https://openmenu.fooddo.in/?Token=ttkti,Code - ttkti,ttkti,https://openmenu.fooddo.in/?Token=
https://openmenu.fooddo.in/?Token=dgqye,Code - dgqye,dgqye,https://openmenu.fooddo.in/?Token=
https://openmenu.fooddo.in/?Token=dcjct,Code - dcjct,dcjct,https://openmenu.fooddo.in/?Token=
https://openmenu.fooddo.in/?Token=fgdfl,Code - fgdfl,fgdfl,https://openmenu.fooddo.in/?Token=
https://openmenu.fooddo.in/?Token=rhwhq,Code - rhwhq,rhwhq,https://openmenu.fooddo.in/?Token=
https://openmenu.fooddo.in/?Token=zktaj,Code - zktaj,zktaj,https://openmenu.fooddo.in/?Token=
https://openmenu.fooddo.in/?Token=vrzdj,Code - vrzdj,vrzdj,https://openmenu.fooddo.in/?Token=
https://openmenu.fooddo.in/?Token=cuygt,Code - cuygt,cuygt,https://openmenu.fooddo.in/?Token=
https://openmenu.fooddo.in/?Token=nakpb,Code - nakpb,nakpb,https://openmenu.fooddo.in/?Token=
https://openmenu.fooddo.in/?Token=wmgxv,Code - wmgxv,wmgxv,https://openmenu.fooddo.in/?Token=
https://openmenu.fooddo.in/?Token=sruva,Code - sruva,sruva,https://openmenu.fooddo.in/?Token=
https://openmenu.fooddo.in/?Token=pvvvw,Code - pvvvw,pvvvw,https://openmenu.fooddo.in/?Token=
https://openmenu.fooddo.in/?Token=taklu,Code - taklu,taklu,https://openmenu.fooddo.in/?Token=
https://openmenu.fooddo.in/?Token=lhlvq,Code - lhlvq,lhlvq,https://openmenu.fooddo.in/?Token=
https://openmenu.fooddo.in/?Token=kysmx,Code - kysmx,kysmx,https://openmenu.fooddo.in/?Token=
https://openmenu.fooddo.in/?Token=hilof,Code - hilof,hilof,https://openmenu.fooddo.in/?Token=
https://openmenu.fooddo.in/?Token=xgpum,Code - xgpum,xgpum,https://openmenu.fooddo.in/?Token=
https://openmenu.fooddo.in/?Token=jtaan,Code - jtaan,jtaan,https://openmenu.fooddo.in/?Token=
https://openmenu.fooddo.in/?Token=zxtsv,Code - zxtsv,zxtsv,https://openmenu.fooddo.in/?Token=
https://openmenu.fooddo.in/?Token=ubrlv,Code - ubrlv,ubrlv,https://openmenu.fooddo.in/?Token=
https://openmenu.fooddo.in/?Token=mzkup,Code - mzkup,mzkup,https://openmenu.fooddo.in/?Token=
https://openmenu.fooddo.in/?Token=sqphl,Code - sqphl,sqphl,https://openmenu.fooddo.in/?Token=
https://openmenu.fooddo.in/?Token=tmdrw,Code - tmdrw,tmdrw,https://openmenu.fooddo.in/?Token=
https://openmenu.fooddo.in/?Token=jpkgu,Code - jpkgu,jpkgu,https://openmenu.fooddo.in/?Token=
https://openmenu.fooddo.in/?Token=tzlyh,Code - tzlyh,tzlyh,https://openmenu.fooddo.in/?Token=
https://openmenu.fooddo.in/?Token=iface,Code - iface,iface,https://openmenu.fooddo.in/?Token=
https://openmenu.fooddo.in/?Token=stgcx,Code - stgcx,stgcx,https://openmenu.fooddo.in/?Token=
https://openmenu.fooddo.in/?Token=pqvby,Code - pqvby,pqvby,https://openmenu.fooddo.in/?Token=
https://openmenu.fooddo.in/?Token=ygnao,Code - ygnao,ygnao,https://openmenu.fooddo.in/?Token=
https://openmenu.fooddo.in/?Token=nswqn,Code - nswqn,nswqn,https://openmenu.fooddo.in/?Token=
https://openmenu.fooddo.in/?Token=exmty,Code - exmty,exmty,https://openmenu.fooddo.in/?Token=
https://openmenu.fooddo.in/?Token=dwwkc,Code - dwwkc,dwwkc,https://openmenu.fooddo.in/?Token=
https://openmenu.fooddo.in/?Token=xkwkf,Code - xkwkf,xkwkf,https://openmenu.fooddo.in/?Token=
https://openmenu.fooddo.in/?Token=rqfzp,Code - rqfzp,rqfzp,https://openmenu.fooddo.in/?Token=
https://openmenu.fooddo.in/?Token=ayxqs,Code - ayxqs,ayxqs,https://openmenu.fooddo.in/?Token=
https://openmenu.fooddo.in/?Token=hcmay,Code - hcmay,hcmay,https://openmenu.fooddo.in/?Token=
https://openmenu.fooddo.in/?Token=jslds,Code - jslds,jslds,https://openmenu.fooddo.in/?Token=
https://openmenu.fooddo.in/?Token=ylvjx,Code - ylvjx,ylvjx,https://openmenu.fooddo.in/?Token=
https://openmenu.fooddo.in/?Token=cxjuc,Code - cxjuc,cxjuc,https://openmenu.fooddo.in/?Token=
https://openmenu.fooddo.in/?Token=hxsnn,Code - hxsnn,hxsnn,https://openmenu.fooddo.in/?Token=
https://openmenu.fooddo.in/?Token=iseqh,Code - iseqh,iseqh,https://openmenu.fooddo.in/?Token=
https://openmenu.fooddo.in/?Token=zxrlz,Code - zxrlz,zxrlz,https://openmenu.fooddo.in/?Token=
https://openmenu.fooddo.in/?Token=kjjaa,Code - kjjaa,kjjaa,https://openmenu.fooddo.in/?Token=
https://openmenu.fooddo.in/?Token=hjfcu,Code - hjfcu,hjfcu,https://openmenu.fooddo.in/?Token=
https://openmenu.fooddo.in/?Token=dmjim,Code - dmjim,dmjim,https://openmenu.fooddo.in/?Token=
https://openmenu.fooddo.in/?Token=jvogn,Code - jvogn,jvogn,https://openmenu.fooddo.in/?Token=
https://openmenu.fooddo.in/?Token=wgtum,Code - wgtum,wgtum,https://openmenu.fooddo.in/?Token=
https://openmenu.fooddo.in/?Token=extcr,Code - extcr,extcr,https://openmenu.fooddo.in/?Token=
https://openmenu.fooddo.in/?Token=eucil,Code - eucil,eucil,https://openmenu.fooddo.in/?Token=
https://openmenu.fooddo.in/?Token=ktakd,Code - ktakd,ktakd,https://openmenu.fooddo.in/?Token=
https://openmenu.fooddo.in/?Token=uiyhn,Code - uiyhn,uiyhn,https://openmenu.fooddo.in/?Token=
https://openmenu.fooddo.in/?Token=amphs,Code - amphs,amphs,https://openmenu.fooddo.in/?Token=
https://openmenu.fooddo.in/?Token=ucksq,Code - ucksq,ucksq,https://openmenu.fooddo.in/?Token=
https://openmenu.fooddo.in/?Token=qyadi,Code - qyadi,qyadi,https://openmenu.fooddo.in/?Token=
https://openmenu.fooddo.in/?Token=esmph,Code - esmph,esmph,https://openmenu.fooddo.in/?Token=
https://openmenu.fooddo.in/?Token=dzdjv,Code - dzdjv,dzdjv,https://openmenu.fooddo.in/?Token=
https://openmenu.fooddo.in/?Token=wcnbx,Code - wcnbx,wcnbx,https://openmenu.fooddo.in/?Token=
https://openmenu.fooddo.in/?Token=tgyun,Code - tgyun,tgyun,https://openmenu.fooddo.in/?Token=
https://openmenu.fooddo.in/?Token=obcvz,Code - obcvz,obcvz,https://openmenu.fooddo.in/?Token=
https://openmenu.fooddo.in/?Token=wbfwf,Code - wbfwf,wbfwf,https://openmenu.fooddo.in/?Token=
https://openmenu.fooddo.in/?Token=bhbnw,Code - bhbnw,bhbnw,https://openmenu.fooddo.in/?Token=
https://openmenu.fooddo.in/?Token=tifzm,Code - tifzm,tifzm,https://openmenu.fooddo.in/?Token=
https://openmenu.fooddo.in/?Token=wfhsl,Code - wfhsl,wfhsl,https://openmenu.fooddo.in/?Token=
https://openmenu.fooddo.in/?Token=esvrf,Code - esvrf,esvrf,https://openmenu.fooddo.in/?Token=
https://openmenu.fooddo.in/?Token=vgaws,Code - vgaws,vgaws,https://openmenu.fooddo.in/?Token=
https://openmenu.fooddo.in/?Token=ljbfc,Code - ljbfc,ljbfc,https://openmenu.fooddo.in/?Token=
https://openmenu.fooddo.in/?Token=rkejz,Code - rkejz,rkejz,https://openmenu.fooddo.in/?Token=
https://openmenu.fooddo.in/?Token=xwpii,Code - xwpii,xwpii,https://openmenu.fooddo.in/?Token=
https://openmenu.fooddo.in/?Token=wzswq,Code - wzswq,wzswq,https://openmenu.fooddo.in/?Token=
https://openmenu.fooddo.in/?Token=gvahl,Code - gvahl,gvahl,https://openmenu.fooddo.in/?Token=
https://openmenu.fooddo.in/?Token=gamit,Code - gamit,gamit,https://openmenu.fooddo.in/?Token=
https://openmenu.fooddo.in/?Token=ycfjq,Code - ycfjq,ycfjq,https://openmenu.fooddo.in/?Token=
https://openmenu.fooddo.in/?Token=ecrny,Code - ecrny,ecrny,https://openmenu.fooddo.in/?Token=
https://openmenu.fooddo.in/?Token=mbcub,Code - mbcub,mbcub,https://openmenu.fooddo.in/?Token=
https://openmenu.fooddo.in/?Token=gtgvc,Code - gtgvc,gtgvc,https://openmenu.fooddo.in/?Token=
https://openmenu.fooddo.in/?Token=yjtuy,Code - yjtuy,yjtuy,https://openmenu.fooddo.in/?Token=
https://openmenu.fooddo.in/?Token=njwhj,Code - njwhj,njwhj,https://openmenu.fooddo.in/?Token=
https://openmenu.fooddo.in/?Token=ufibb,Code - ufibb,ufibb,https://openmenu.fooddo.in/?Token=
https://openmenu.fooddo.in/?Token=uqmxv,Code - uqmxv,uqmxv,https://openmenu.fooddo.in/?Token=
https://openmenu.fooddo.in/?Token=hwmoj,Code - hwmoj,hwmoj,https://openmenu.fooddo.in/?Token=
https://openmenu.fooddo.in/?Token=kvtof,Code - kvtof,kvtof,https://openmenu.fooddo.in/?Token=
https://openmenu.fooddo.in/?Token=ljnjz,Code - ljnjz,ljnjz,https://openmenu.fooddo.in/?Token=
https://openmenu.fooddo.in/?Token=wunru,Code - wunru,wunru,https://openmenu.fooddo.in/?Token=
https://openmenu.fooddo.in/?Token=rjjiz,Code - rjjiz,rjjiz,https://openmenu.fooddo.in/?Token=
https://openmenu.fooddo.in/?Token=spuvv,Code - spuvv,spuvv,https://openmenu.fooddo.in/?Token=
https://openmenu.fooddo.in/?Token=lkvll,Code - lkvll,lkvll,https://openmenu.fooddo.in/?Token=
https://openmenu.fooddo.in/?Token=ohcwu,Code - ohcwu,ohcwu,https://openmenu.fooddo.in/?Token=
https://openmenu.fooddo.in/?Token=rhfjl,Code - rhfjl,rhfjl,https://openmenu.fooddo.in/?Token=
https://openmenu.fooddo.in/?Token=ddxkn,Code - ddxkn,ddxkn,https://openmenu.fooddo.in/?Token=
https://openmenu.fooddo.in/?Token=aahtl,Code - aahtl,aahtl,https://openmenu.fooddo.in/?Token=
https://openmenu.fooddo.in/?Token=csmgb,Code - csmgb,csmgb,https://openmenu.fooddo.in/?Token=
https://openmenu.fooddo.in/?Token=nctsc,Code - nctsc,nctsc,https://openmenu.fooddo.in/?Token=
https://openmenu.fooddo.in/?Token=xbejb,Code - xbejb,xbejb,https://openmenu.fooddo.in/?Token=
https://openmenu.fooddo.in/?Token=naegz,Code - naegz,naegz,https://openmenu.fooddo.in/?Token=
https://openmenu.fooddo.in/?Token=gazdr,Code - gazdr,gazdr,https://openmenu.fooddo.in/?Token=
https://openmenu.fooddo.in/?Token=qyhbq,Code - qyhbq,qyhbq,https://openmenu.fooddo.in/?Token=
https://openmenu.fooddo.in/?Token=mjoop,Code - mjoop,mjoop,https://openmenu.fooddo.in/?Token=
https://openmenu.fooddo.in/?Token=vxmrg,Code - vxmrg,vxmrg,https://openmenu.fooddo.in/?Token=
https://openmenu.fooddo.in/?Token=ojiog,Code - ojiog,ojiog,https://openmenu.fooddo.in/?Token=
https://openmenu.fooddo.in/?Token=gtcvh,Code - gtcvh,gtcvh,https://openmenu.fooddo.in/?Token=
https://openmenu.fooddo.in/?Token=yizfb,Code - yizfb,yizfb,https://openmenu.fooddo.in/?Token=
https://openmenu.fooddo.in/?Token=jeysy,Code - jeysy,jeysy,https://openmenu.fooddo.in/?Token=
https://openmenu.fooddo.in/?Token=edvmm,Code - edvmm,edvmm,https://openmenu.fooddo.in/?Token=
https://openmenu.fooddo.in/?Token=mnbtx,Code - mnbtx,mnbtx,https://openmenu.fooddo.in/?Token=
https://openmenu.fooddo.in/?Token=wyvkl,Code - wyvkl,wyvkl,https://openmenu.fooddo.in/?Token=
https://openmenu.fooddo.in/?Token=cexzr,Code - cexzr,cexzr,https://openmenu.fooddo.in/?Token=
https://openmenu.fooddo.in/?Token=mfcdv,Code - mfcdv,mfcdv,https://openmenu.fooddo.in/?Token=
https://openmenu.fooddo.in/?Token=sivkl,Code - sivkl,sivkl,https://openmenu.fooddo.in/?Token=
https://openmenu.fooddo.in/?Token=yhezt,Code - yhezt,yhezt,https://openmenu.fooddo.in/?Token=
https://openmenu.fooddo.in/?Token=wxqyb,Code - wxqyb,wxqyb,https://openmenu.fooddo.in/?Token=
https://openmenu.fooddo.in/?Token=uepfb,Code - uepfb,uepfb,https://openmenu.fooddo.in/?Token=
https://openmenu.fooddo.in/?Token=ohuwr,Code - ohuwr,ohuwr,https://openmenu.fooddo.in/?Token=
https://openmenu.fooddo.in/?Token=gtlbm,Code - gtlbm,gtlbm,https://openmenu.fooddo.in/?Token=
https://openmenu.fooddo.in/?Token=owaqq,Code - owaqq,owaqq,https://openmenu.fooddo.in/?Token=
https://openmenu.fooddo.in/?Token=usgzv,Code - usgzv,usgzv,https://openmenu.fooddo.in/?Token=
https://openmenu.fooddo.in/?Token=uhspa,Code - uhspa,uhspa,https://openmenu.fooddo.in/?Token=
https://openmenu.fooddo.in/?Token=zkuso,Code - zkuso,zkuso,https://openmenu.fooddo.in/?Token=
https://openmenu.fooddo.in/?Token=fmrvn,Code - fmrvn,fmrvn,https://openmenu.fooddo.in/?Token=
https://openmenu.fooddo.in/?Token=xknow,Code - xknow,xknow,https://openmenu.fooddo.in/?Token=
https://openmenu.fooddo.in/?Token=ylwvj,Code - ylwvj,ylwvj,https://openmenu.fooddo.in/?Token=
https://openmenu.fooddo.in/?Token=ntifo,Code - ntifo,ntifo,https://openmenu.fooddo.in/?Token=
https://openmenu.fooddo.in/?Token=zspqf,Code - zspqf,zspqf,https://openmenu.fooddo.in/?Token=
https://openmenu.fooddo.in/?Token=oalaf,Code - oalaf,oalaf,https://openmenu.fooddo.in/?Token=
https://openmenu.fooddo.in/?Token=jlyjf,Code - jlyjf,jlyjf,https://openmenu.fooddo.in/?Token=
https://openmenu.fooddo.in/?Token=abvir,Code - abvir,abvir,https://openmenu.fooddo.in/?Token=
https://openmenu.fooddo.in/?Token=iwolw,Code - iwolw,iwolw,https://openmenu.fooddo.in/?Token=
https://openmenu.fooddo.in/?Token=suayw,Code - suayw,suayw,https://openmenu.fooddo.in/?Token=
https://openmenu.fooddo.in/?Token=odvuu,Code - odvuu,odvuu,https://openmenu.fooddo.in/?Token=
https://openmenu.fooddo.in/?Token=cjhqo,Code - cjhqo,cjhqo,https://openmenu.fooddo.in/?Token=
https://openmenu.fooddo.in/?Token=onzmu,Code - onzmu,onzmu,https://openmenu.fooddo.in/?Token=
https://openmenu.fooddo.in/?Token=rxeui,Code - rxeui,rxeui,https://openmenu.fooddo.in/?Token=
https://openmenu.fooddo.in/?Token=rxjkq,Code - rxjkq,rxjkq,https://openmenu.fooddo.in/?Token=
https://openmenu.fooddo.in/?Token=ztcwv,Code - ztcwv,ztcwv,https://openmenu.fooddo.in/?Token=
https://openmenu.fooddo.in/?Token=gtuef,Code - gtuef,gtuef,https://openmenu.fooddo.in/?Token=
https://openmenu.fooddo.in/?Token=ztqih,Code - ztqih,ztqih,https://openmenu.fooddo.in/?Token=
https://openmenu.fooddo.in/?Token=raqim,Code - raqim,raqim,https://openmenu.fooddo.in/?Token=
https://openmenu.fooddo.in/?Token=wocxq,Code - wocxq,wocxq,https://openmenu.fooddo.in/?Token=
https://openmenu.fooddo.in/?Token=pqqvs,Code - pqqvs,pqqvs,https://openmenu.fooddo.in/?Token=
https://openmenu.fooddo.in/?Token=hrzwi,Code - hrzwi,hrzwi,https://openmenu.fooddo.in/?Token=
https://openmenu.fooddo.in/?Token=aaijz,Code - aaijz,aaijz,https://openmenu.fooddo.in/?Token=
https://openmenu.fooddo.in/?Token=kooxn,Code - kooxn,kooxn,https://openmenu.fooddo.in/?Token=
https://openmenu.fooddo.in/?Token=bbswc,Code - bbswc,bbswc,https://openmenu.fooddo.in/?Token=
https://openmenu.fooddo.in/?Token=ytsod,Code - ytsod,ytsod,https://openmenu.fooddo.in/?Token=
https://openmenu.fooddo.in/?Token=frpql,Code - frpql,frpql,https://openmenu.fooddo.in/?Token=
https://openmenu.fooddo.in/?Token=rsang,Code - rsang,rsang,https://openmenu.fooddo.in/?Token=
https://openmenu.fooddo.in/?Token=rlirm,Code - rlirm,rlirm,https://openmenu.fooddo.in/?Token=
https://openmenu.fooddo.in/?Token=nwecg,Code - nwecg,nwecg,https://openmenu.fooddo.in/?Token=
https://openmenu.fooddo.in/?Token=axfet,Code - axfet,axfet,https://openmenu.fooddo.in/?Token=
https://openmenu.fooddo.in/?Token=ilthe,Code - ilthe,ilthe,https://openmenu.fooddo.in/?Token=
https://openmenu.fooddo.in/?Token=efbiq,Code - efbiq,efbiq,https://openmenu.fooddo.in/?Token=
https://openmenu.fooddo.in/?Token=xywmg,Code - xywmg,xywmg,https://openmenu.fooddo.in/?Token=
https://openmenu.fooddo.in/?Token=xjlvp,Code - xjlvp,xjlvp,https://openmenu.fooddo.in/?Token=
https://openmenu.fooddo.in/?Token=ifuvw,Code - ifuvw,ifuvw,https://openmenu.fooddo.in/?Token=
https://openmenu.fooddo.in/?Token=jejtq,Code - jejtq,jejtq,https://openmenu.fooddo.in/?Token=
https://openmenu.fooddo.in/?Token=pnjez,Code - pnjez,pnjez,https://openmenu.fooddo.in/?Token=
https://openmenu.fooddo.in/?Token=bvtys,Code - bvtys,bvtys,https://openmenu.fooddo.in/?Token=
https://openmenu.fooddo.in/?Token=mtvlw,Code - mtvlw,mtvlw,https://openmenu.fooddo.in/?Token=
https://openmenu.fooddo.in/?Token=rupay,Code - rupay,rupay,https://openmenu.fooddo.in/?Token=
https://openmenu.fooddo.in/?Token=howqj,Code - howqj,howqj,https://openmenu.fooddo.in/?Token=
https://openmenu.fooddo.in/?Token=iqksd,Code - iqksd,iqksd,https://openmenu.fooddo.in/?Token=
https://openmenu.fooddo.in/?Token=ojman,Code - ojman,ojman,https://openmenu.fooddo.in/?Token=
https://openmenu.fooddo.in/?Token=wnupr,Code - wnupr,wnupr,https://openmenu.fooddo.in/?Token=
https://openmenu.fooddo.in/?Token=rrrjj,Code - rrrjj,rrrjj,https://openmenu.fooddo.in/?Token=
https://openmenu.fooddo.in/?Token=bcvlz,Code - bcvlz,bcvlz,https://openmenu.fooddo.in/?Token=
https://openmenu.fooddo.in/?Token=papgu,Code - papgu,papgu,https://openmenu.fooddo.in/?Token=
https://openmenu.fooddo.in/?Token=fzhni,Code - fzhni,fzhni,https://openmenu.fooddo.in/?Token=
https://openmenu.fooddo.in/?Token=scnbu,Code - scnbu,scnbu,https://openmenu.fooddo.in/?Token=
https://openmenu.fooddo.in/?Token=bdyzk,Code - bdyzk,bdyzk,https://openmenu.fooddo.in/?Token=
https://openmenu.fooddo.in/?Token=hmfjj,Code - hmfjj,hmfjj,https://openmenu.fooddo.in/?Token=
https://openmenu.fooddo.in/?Token=konjs,Code - konjs,konjs,https://openmenu.fooddo.in/?Token=
https://openmenu.fooddo.in/?Token=ofbpb,Code - ofbpb,ofbpb,https://openmenu.fooddo.in/?Token=
https://openmenu.fooddo.in/?Token=bcqwz,Code - bcqwz,bcqwz,https://openmenu.fooddo.in/?Token=
https://openmenu.fooddo.in/?Token=pkrdi,Code - pkrdi,pkrdi,https://openmenu.fooddo.in/?Token=
https://openmenu.fooddo.in/?Token=epmhe,Code - epmhe,epmhe,https://openmenu.fooddo.in/?Token=
https://openmenu.fooddo.in/?Token=stgua,Code - stgua,stgua,https://openmenu.fooddo.in/?Token=
https://openmenu.fooddo.in/?Token=ptjmy,Code - ptjmy,ptjmy,https://openmenu.fooddo.in/?Token=
https://openmenu.fooddo.in/?Token=jolmd,Code - jolmd,jolmd,https://openmenu.fooddo.in/?Token=
https://openmenu.fooddo.in/?Token=qwrrz,Code - qwrrz,qwrrz,https://openmenu.fooddo.in/?Token=
https://openmenu.fooddo.in/?Token=pnmoz,Code - pnmoz,pnmoz,https://openmenu.fooddo.in/?Token=
https://openmenu.fooddo.in/?Token=idayz,Code - idayz,idayz,https://openmenu.fooddo.in/?Token=
https://openmenu.fooddo.in/?Token=bxjxh,Code - bxjxh,bxjxh,https://openmenu.fooddo.in/?Token=
https://openmenu.fooddo.in/?Token=ervls,Code - ervls,ervls,https://openmenu.fooddo.in/?Token=
https://openmenu.fooddo.in/?Token=hkkbq,Code - hkkbq,hkkbq,https://openmenu.fooddo.in/?Token=
https://openmenu.fooddo.in/?Token=dddja,Code - dddja,dddja,https://openmenu.fooddo.in/?Token=
https://openmenu.fooddo.in/?Token=oohsk,Code - oohsk,oohsk,https://openmenu.fooddo.in/?Token=
https://openmenu.fooddo.in/?Token=cpjum,Code - cpjum,cpjum,https://openmenu.fooddo.in/?Token=
https://openmenu.fooddo.in/?Token=gomhy,Code - gomhy,gomhy,https://openmenu.fooddo.in/?Token=
https://openmenu.fooddo.in/?Token=zsbku,Code - zsbku,zsbku,https://openmenu.fooddo.in/?Token=
https://openmenu.fooddo.in/?Token=vbvpu,Code - vbvpu,vbvpu,https://openmenu.fooddo.in/?Token=
https://openmenu.fooddo.in/?Token=dhkbs,Code - dhkbs,dhkbs,https://openmenu.fooddo.in/?Token=
https://openmenu.fooddo.in/?Token=boqgs,Code - boqgs,boqgs,https://openmenu.fooddo.in/?Token=
https://openmenu.fooddo.in/?Token=mgauj,Code - mgauj,mgauj,https://openmenu.fooddo.in/?Token=
https://openmenu.fooddo.in/?Token=tswfb,Code - tswfb,tswfb,https://openmenu.fooddo.in/?Token=
https://openmenu.fooddo.in/?Token=eafnm,Code - eafnm,eafnm,https://openmenu.fooddo.in/?Token=
https://openmenu.fooddo.in/?Token=qjhog,Code - qjhog,qjhog,https://openmenu.fooddo.in/?Token=
https://openmenu.fooddo.in/?Token=bxinn,Code - bxinn,bxinn,https://openmenu.fooddo.in/?Token=
https://openmenu.fooddo.in/?Token=dccfq,Code - dccfq,dccfq,https://openmenu.fooddo.in/?Token=
https://openmenu.fooddo.in/?Token=sdalw,Code - sdalw,sdalw,https://openmenu.fooddo.in/?Token=
https://openmenu.fooddo.in/?Token=sskge,Code - sskge,sskge,https://openmenu.fooddo.in/?Token=
https://openmenu.fooddo.in/?Token=rgwip,Code - rgwip,rgwip,https://openmenu.fooddo.in/?Token=
https://openmenu.fooddo.in/?Token=ggeti,Code - ggeti,ggeti,https://openmenu.fooddo.in/?Token=
https://openmenu.fooddo.in/?Token=hpmen,Code - hpmen,hpmen,https://openmenu.fooddo.in/?Token=
https://openmenu.fooddo.in/?Token=iyfzc,Code - iyfzc,iyfzc,https://openmenu.fooddo.in/?Token=
https://openmenu.fooddo.in/?Token=gnacd,Code - gnacd,gnacd,https://openmenu.fooddo.in/?Token=
https://openmenu.fooddo.in/?Token=wltma,Code - wltma,wltma,https://openmenu.fooddo.in/?Token=
https://openmenu.fooddo.in/?Token=mysuw,Code - mysuw,mysuw,https://openmenu.fooddo.in/?Token=
https://openmenu.fooddo.in/?Token=gkfwu,Code - gkfwu,gkfwu,https://openmenu.fooddo.in/?Token=
https://openmenu.fooddo.in/?Token=vqmeg,Code - vqmeg,vqmeg,https://openmenu.fooddo.in/?Token=
https://openmenu.fooddo.in/?Token=dzktn,Code - dzktn,dzktn,https://openmenu.fooddo.in/?Token=
https://openmenu.fooddo.in/?Token=epbxr,Code - epbxr,epbxr,https://openmenu.fooddo.in/?Token=
https://openmenu.fooddo.in/?Token=kfipz,Code - kfipz,kfipz,https://openmenu.fooddo.in/?Token=
https://openmenu.fooddo.in/?Token=pfgqh,Code - pfgqh,pfgqh,https://openmenu.fooddo.in/?Token=
https://openmenu.fooddo.in/?Token=aqhuc,Code - aqhuc,aqhuc,https://openmenu.fooddo.in/?Token=
https://openmenu.fooddo.in/?Token=bzfni,Code - bzfni,bzfni,https://openmenu.fooddo.in/?Token=
https://openmenu.fooddo.in/?Token=rwwiw,Code - rwwiw,rwwiw,https://openmenu.fooddo.in/?Token=
https://openmenu.fooddo.in/?Token=rckix,Code - rckix,rckix,https://openmenu.fooddo.in/?Token=
https://openmenu.fooddo.in/?Token=pzwgg,Code - pzwgg,pzwgg,https://openmenu.fooddo.in/?Token=
https://openmenu.fooddo.in/?Token=kmaox,Code - kmaox,kmaox,https://openmenu.fooddo.in/?Token=
https://openmenu.fooddo.in/?Token=xejmu,Code - xejmu,xejmu,https://openmenu.fooddo.in/?Token=
https://openmenu.fooddo.in/?Token=vinsw,Code - vinsw,vinsw,https://openmenu.fooddo.in/?Token=
https://openmenu.fooddo.in/?Token=umgkz,Code - umgkz,umgkz,https://openmenu.fooddo.in/?Token=
https://openmenu.fooddo.in/?Token=kmhrz,Code - kmhrz,kmhrz,https://openmenu.fooddo.in/?Token=
https://openmenu.fooddo.in/?Token=tfcar,Code - tfcar,tfcar,https://openmenu.fooddo.in/?Token=
https://openmenu.fooddo.in/?Token=nzppi,Code - nzppi,nzppi,https://openmenu.fooddo.in/?Token=
https://openmenu.fooddo.in/?Token=tvaiq,Code - tvaiq,tvaiq,https://openmenu.fooddo.in/?Token=
https://openmenu.fooddo.in/?Token=iieyb,Code - iieyb,iieyb,https://openmenu.fooddo.in/?Token=
https://openmenu.fooddo.in/?Token=gyiuf,Code - gyiuf,gyiuf,https://openmenu.fooddo.in/?Token=
https://openmenu.fooddo.in/?Token=pidwo,Code - pidwo,pidwo,https://openmenu.fooddo.in/?Token=
https://openmenu.fooddo.in/?Token=cchfy,Code - cchfy,cchfy,https://openmenu.fooddo.in/?Token=
https://openmenu.fooddo.in/?Token=vtcnv,Code - vtcnv,vtcnv,https://openmenu.fooddo.in/?Token=
https://openmenu.fooddo.in/?Token=vjbat,Code - vjbat,vjbat,https://openmenu.fooddo.in/?Token=
https://openmenu.fooddo.in/?Token=ucumt,Code - ucumt,ucumt,https://openmenu.fooddo.in/?Token=
https://openmenu.fooddo.in/?Token=viqwp,Code - viqwp,viqwp,https://openmenu.fooddo.in/?Token=
https://openmenu.fooddo.in/?Token=xiaoz,Code - xiaoz,xiaoz,https://openmenu.fooddo.in/?Token=
https://openmenu.fooddo.in/?Token=ymuna,Code - ymuna,ymuna,https://openmenu.fooddo.in/?Token=
https://openmenu.fooddo.in/?Token=wjyjb,Code - wjyjb,wjyjb,https://openmenu.fooddo.in/?Token=
https://openmenu.fooddo.in/?Token=xvzfm,Code - xvzfm,xvzfm,https://openmenu.fooddo.in/?Token=
https://openmenu.fooddo.in/?Token=swntq,Code - swntq,swntq,https://openmenu.fooddo.in/?Token=
https://openmenu.fooddo.in/?Token=bszcb,Code - bszcb,bszcb,https://openmenu.fooddo.in/?Token=
https://openmenu.fooddo.in/?Token=dirbx,Code - dirbx,dirbx,https://openmenu.fooddo.in/?Token=
https://openmenu.fooddo.in/?Token=ikbqy,Code - ikbqy,ikbqy,https://openmenu.fooddo.in/?Token=
https://openmenu.fooddo.in/?Token=djxvg,Code - djxvg,djxvg,https://openmenu.fooddo.in/?Token=
https://openmenu.fooddo.in/?Token=jqiqc,Code - jqiqc,jqiqc,https://openmenu.fooddo.in/?Token=
https://openmenu.fooddo.in/?Token=eqrvi,Code - eqrvi,eqrvi,https://openmenu.fooddo.in/?Token=
https://openmenu.fooddo.in/?Token=giqbd,Code - giqbd,giqbd,https://openmenu.fooddo.in/?Token=
https://openmenu.fooddo.in/?Token=zfyzn,Code - zfyzn,zfyzn,https://openmenu.fooddo.in/?Token=
https://openmenu.fooddo.in/?Token=aoncm,Code - aoncm,aoncm,https://openmenu.fooddo.in/?Token=
https://openmenu.fooddo.in/?Token=avmsj,Code - avmsj,avmsj,https://openmenu.fooddo.in/?Token=
https://openmenu.fooddo.in/?Token=uzhwc,Code - uzhwc,uzhwc,https://openmenu.fooddo.in/?Token=
https://openmenu.fooddo.in/?Token=wacbo,Code - wacbo,wacbo,https://openmenu.fooddo.in/?Token=
https://openmenu.fooddo.in/?Token=htolm,Code - htolm,htolm,https://openmenu.fooddo.in/?Token=
https://openmenu.fooddo.in/?Token=hislv,Code - hislv,hislv,https://openmenu.fooddo.in/?Token=
https://openmenu.fooddo.in/?Token=ydxkh,Code - ydxkh,ydxkh,https://openmenu.fooddo.in/?Token=
https://openmenu.fooddo.in/?Token=mhcft,Code - mhcft,mhcft,https://openmenu.fooddo.in/?Token=
https://openmenu.fooddo.in/?Token=zdyyx,Code - zdyyx,zdyyx,https://openmenu.fooddo.in/?Token=
https://openmenu.fooddo.in/?Token=rwctj,Code - rwctj,rwctj,https://openmenu.fooddo.in/?Token=
https://openmenu.fooddo.in/?Token=wmbau,Code - wmbau,wmbau,https://openmenu.fooddo.in/?Token=
https://openmenu.fooddo.in/?Token=sewwf,Code - sewwf,sewwf,https://openmenu.fooddo.in/?Token=
https://openmenu.fooddo.in/?Token=rydiz,Code - rydiz,rydiz,https://openmenu.fooddo.in/?Token=
https://openmenu.fooddo.in/?Token=kgxvj,Code - kgxvj,kgxvj,https://openmenu.fooddo.in/?Token=
https://openmenu.fooddo.in/?Token=prfnu,Code - prfnu,prfnu,https://openmenu.fooddo.in/?Token=
https://openmenu.fooddo.in/?Token=xjrgx,Code - xjrgx,xjrgx,https://openmenu.fooddo.in/?Token=
https://openmenu.fooddo.in/?Token=groyy,Code - groyy,groyy,https://openmenu.fooddo.in/?Token=
https://openmenu.fooddo.in/?Token=yejyn,Code - yejyn,yejyn,https://openmenu.fooddo.in/?Token=
https://openmenu.fooddo.in/?Token=vxhvm,Code - vxhvm,vxhvm,https://openmenu.fooddo.in/?Token=
https://openmenu.fooddo.in/?Token=ufuek,Code - ufuek,ufuek,https://openmenu.fooddo.in/?Token=
https://openmenu.fooddo.in/?Token=tkcvu,Code - tkcvu,tkcvu,https://openmenu.fooddo.in/?Token=
https://openmenu.fooddo.in/?Token=wqugj,Code - wqugj,wqugj,https://openmenu.fooddo.in/?Token=
https://openmenu.fooddo.in/?Token=xqsph,Code - xqsph,xqsph,https://openmenu.fooddo.in/?Token=
https://openmenu.fooddo.in/?Token=tirmb,Code - tirmb,tirmb,https://openmenu.fooddo.in/?Token=
https://openmenu.fooddo.in/?Token=hqood,Code - hqood,hqood,https://openmenu.fooddo.in/?Token=
https://openmenu.fooddo.in/?Token=djhdv,Code - djhdv,djhdv,https://openmenu.fooddo.in/?Token=
https://openmenu.fooddo.in/?Token=kznfm,Code - kznfm,kznfm,https://openmenu.fooddo.in/?Token=
https://openmenu.fooddo.in/?Token=rvywr,Code - rvywr,rvywr,https://openmenu.fooddo.in/?Token=
https://openmenu.fooddo.in/?Token=laqwl,Code - laqwl,laqwl,https://openmenu.fooddo.in/?Token=
https://openmenu.fooddo.in/?Token=kpbkz,Code - kpbkz,kpbkz,https://openmenu.fooddo.in/?Token=
https://openmenu.fooddo.in/?Token=vnafq,Code - vnafq,vnafq,https://openmenu.fooddo.in/?Token=
https://openmenu.fooddo.in/?Token=hxkxx,Code - hxkxx,hxkxx,https://openmenu.fooddo.in/?Token=
https://openmenu.fooddo.in/?Token=xaewp,Code - xaewp,xaewp,https://openmenu.fooddo.in/?Token=
https://openmenu.fooddo.in/?Token=givmw,Code - givmw,givmw,https://openmenu.fooddo.in/?Token=
https://openmenu.fooddo.in/?Token=kbhfw,Code - kbhfw,kbhfw,https://openmenu.fooddo.in/?Token=
https://openmenu.fooddo.in/?Token=gzoop,Code - gzoop,gzoop,https://openmenu.fooddo.in/?Token=
https://openmenu.fooddo.in/?Token=ouvwc,Code - ouvwc,ouvwc,https://openmenu.fooddo.in/?Token=
https://openmenu.fooddo.in/?Token=wtxpx,Code - wtxpx,wtxpx,https://openmenu.fooddo.in/?Token=
https://openmenu.fooddo.in/?Token=zubzm,Code - zubzm,zubzm,https://openmenu.fooddo.in/?Token=
https://openmenu.fooddo.in/?Token=ollpz,Code - ollpz,ollpz,https://openmenu.fooddo.in/?Token=
https://openmenu.fooddo.in/?Token=nmqxe,Code - nmqxe,nmqxe,https://openmenu.fooddo.in/?Token=
https://openmenu.fooddo.in/?Token=wukqv,Code - wukqv,wukqv,https://openmenu.fooddo.in/?Token=
https://openmenu.fooddo.in/?Token=xkixl,Code - xkixl,xkixl,https://openmenu.fooddo.in/?Token=
https://openmenu.fooddo.in/?Token=hxdqh,Code - hxdqh,hxdqh,https://openmenu.fooddo.in/?Token=
https://openmenu.fooddo.in/?Token=yvgjs,Code - yvgjs,yvgjs,https://openmenu.fooddo.in/?Token=
https://openmenu.fooddo.in/?Token=nobmf,Code - nobmf,nobmf,https://openmenu.fooddo.in/?Token=
https://openmenu.fooddo.in/?Token=mjcmx,Code - mjcmx,mjcmx,https://openmenu.fooddo.in/?Token=
https://openmenu.fooddo.in/?Token=cxsfu,Code - cxsfu,cxsfu,https://openmenu.fooddo.in/?Token=
https://openmenu.fooddo.in/?Token=gvfca,Code - gvfca,gvfca,https://openmenu.fooddo.in/?Token=
https://openmenu.fooddo.in/?Token=znklr,Code - znklr,znklr,https://openmenu.fooddo.in/?Token=
https://openmenu.fooddo.in/?Token=dcpql,Code - dcpql,dcpql,https://openmenu.fooddo.in/?Token=
https://openmenu.fooddo.in/?Token=zzutj,Code - zzutj,zzutj,https://openmenu.fooddo.in/?Token=
https://openmenu.fooddo.in/?Token=qtiso,Code - qtiso,qtiso,https://openmenu.fooddo.in/?Token=
https://openmenu.fooddo.in/?Token=rmtjv,Code - rmtjv,rmtjv,https://openmenu.fooddo.in/?Token=
https://openmenu.fooddo.in/?Token=zqwdo,Code - zqwdo,zqwdo,https://openmenu.fooddo.in/?Token=
https://openmenu.fooddo.in/?Token=feytt,Code - feytt,feytt,https://openmenu.fooddo.in/?Token=
https://openmenu.fooddo.in/?Token=jdyve,Code - jdyve,jdyve,https://openmenu.fooddo.in/?Token=
https://openmenu.fooddo.in/?Token=dqowj,Code - dqowj,dqowj,https://openmenu.fooddo.in/?Token=
https://openmenu.fooddo.in/?Token=qmvmm,Code - qmvmm,qmvmm,https://openmenu.fooddo.in/?Token=
https://openmenu.fooddo.in/?Token=gnisn,Code - gnisn,gnisn,https://openmenu.fooddo.in/?Token=
https://openmenu.fooddo.in/?Token=dbhrc,Code - dbhrc,dbhrc,https://openmenu.fooddo.in/?Token=
https://openmenu.fooddo.in/?Token=qxdmn,Code - qxdmn,qxdmn,https://openmenu.fooddo.in/?Token=
https://openmenu.fooddo.in/?Token=eengb,Code - eengb,eengb,https://openmenu.fooddo.in/?Token=
https://openmenu.fooddo.in/?Token=afcgn,Code - afcgn,afcgn,https://openmenu.fooddo.in/?Token=
https://openmenu.fooddo.in/?Token=hvvnq,Code - hvvnq,hvvnq,https://openmenu.fooddo.in/?Token=
https://openmenu.fooddo.in/?Token=pppmt,Code - pppmt,pppmt,https://openmenu.fooddo.in/?Token=
https://openmenu.fooddo.in/?Token=thinp,Code - thinp,thinp,https://openmenu.fooddo.in/?Token=
https://openmenu.fooddo.in/?Token=lxtrq,Code - lxtrq,lxtrq,https://openmenu.fooddo.in/?Token=
https://openmenu.fooddo.in/?Token=uwtmg,Code - uwtmg,uwtmg,https://openmenu.fooddo.in/?Token=
https://openmenu.fooddo.in/?Token=qlvlo,Code - qlvlo,qlvlo,https://openmenu.fooddo.in/?Token=
https://openmenu.fooddo.in/?Token=fogqg,Code - fogqg,fogqg,https://openmenu.fooddo.in/?Token=
https://openmenu.fooddo.in/?Token=wkcbg,Code - wkcbg,wkcbg,https://openmenu.fooddo.in/?Token=
https://openmenu.fooddo.in/?Token=vcskz,Code - vcskz,vcskz,https://openmenu.fooddo.in/?Token=
https://openmenu.fooddo.in/?Token=joqzm,Code - joqzm,joqzm,https://openmenu.fooddo.in/?Token=
https://openmenu.fooddo.in/?Token=niuto,Code - niuto,niuto,https://openmenu.fooddo.in/?Token=
https://openmenu.fooddo.in/?Token=vosps,Code - vosps,vosps,https://openmenu.fooddo.in/?Token=
https://openmenu.fooddo.in/?Token=zlkze,Code - zlkze,zlkze,https://openmenu.fooddo.in/?Token=
https://openmenu.fooddo.in/?Token=ackhy,Code - ackhy,ackhy,https://openmenu.fooddo.in/?Token=
https://openmenu.fooddo.in/?Token=xplgh,Code - xplgh,xplgh,https://openmenu.fooddo.in/?Token=
https://openmenu.fooddo.in/?Token=kxvqm,Code - kxvqm,kxvqm,https://openmenu.fooddo.in/?Token=
https://openmenu.fooddo.in/?Token=hdcou,Code - hdcou,hdcou,https://openmenu.fooddo.in/?Token=
https://openmenu.fooddo.in/?Token=masaa,Code - masaa,masaa,https://openmenu.fooddo.in/?Token=
https://openmenu.fooddo.in/?Token=xhrru,Code - xhrru,xhrru,https://openmenu.fooddo.in/?Token=
https://openmenu.fooddo.in/?Token=hrgdh,Code - hrgdh,hrgdh,https://openmenu.fooddo.in/?Token=
https://openmenu.fooddo.in/?Token=wwydu,Code - wwydu,wwydu,https://openmenu.fooddo.in/?Token=
https://openmenu.fooddo.in/?Token=dfxon,Code - dfxon,dfxon,https://openmenu.fooddo.in/?Token=
https://openmenu.fooddo.in/?Token=oucfs,Code - oucfs,oucfs,https://openmenu.fooddo.in/?Token=
https://openmenu.fooddo.in/?Token=zzcce,Code - zzcce,zzcce,https://openmenu.fooddo.in/?Token=
https://openmenu.fooddo.in/?Token=vbzzf,Code - vbzzf,vbzzf,https://openmenu.fooddo.in/?Token=
https://openmenu.fooddo.in/?Token=jtxlm,Code - jtxlm,jtxlm,https://openmenu.fooddo.in/?Token=
https://openmenu.fooddo.in/?Token=wugdi,Code - wugdi,wugdi,https://openmenu.fooddo.in/?Token=
https://openmenu.fooddo.in/?Token=qfqxb,Code - qfqxb,qfqxb,https://openmenu.fooddo.in/?Token=
https://openmenu.fooddo.in/?Token=yxrur,Code - yxrur,yxrur,https://openmenu.fooddo.in/?Token=
https://openmenu.fooddo.in/?Token=bbfut,Code - bbfut,bbfut,https://openmenu.fooddo.in/?Token=
https://openmenu.fooddo.in/?Token=xgkur,Code - xgkur,xgkur,https://openmenu.fooddo.in/?Token=
https://openmenu.fooddo.in/?Token=atyqj,Code - atyqj,atyqj,https://openmenu.fooddo.in/?Token=
https://openmenu.fooddo.in/?Token=payue,Code - payue,payue,https://openmenu.fooddo.in/?Token=
https://openmenu.fooddo.in/?Token=axbak,Code - axbak,axbak,https://openmenu.fooddo.in/?Token=
https://openmenu.fooddo.in/?Token=gylnc,Code - gylnc,gylnc,https://openmenu.fooddo.in/?Token=
https://openmenu.fooddo.in/?Token=ncdls,Code - ncdls,ncdls,https://openmenu.fooddo.in/?Token=
https://openmenu.fooddo.in/?Token=hipmy,Code - hipmy,hipmy,https://openmenu.fooddo.in/?Token=
https://openmenu.fooddo.in/?Token=ukayi,Code - ukayi,ukayi,https://openmenu.fooddo.in/?Token=
https://openmenu.fooddo.in/?Token=ucvvt,Code - ucvvt,ucvvt,https://openmenu.fooddo.in/?Token=
https://openmenu.fooddo.in/?Token=awmuz,Code - awmuz,awmuz,https://openmenu.fooddo.in/?Token=
https://openmenu.fooddo.in/?Token=qhtmo,Code - qhtmo,qhtmo,https://openmenu.fooddo.in/?Token=
https://openmenu.fooddo.in/?Token=cfpjq,Code - cfpjq,cfpjq,https://openmenu.fooddo.in/?Token=
https://openmenu.fooddo.in/?Token=tnltt,Code - tnltt,tnltt,https://openmenu.fooddo.in/?Token=
https://openmenu.fooddo.in/?Token=uhqrm,Code - uhqrm,uhqrm,https://openmenu.fooddo.in/?Token=
https://openmenu.fooddo.in/?Token=dgxxw,Code - dgxxw,dgxxw,https://openmenu.fooddo.in/?Token=
https://openmenu.fooddo.in/?Token=gmzwx,Code - gmzwx,gmzwx,https://openmenu.fooddo.in/?Token=
https://openmenu.fooddo.in/?Token=umyra,Code - umyra,umyra,https://openmenu.fooddo.in/?Token=
https://openmenu.fooddo.in/?Token=rgiwf,Code - rgiwf,rgiwf,https://openmenu.fooddo.in/?Token=
https://openmenu.fooddo.in/?Token=fczta,Code - fczta,fczta,https://openmenu.fooddo.in/?Token=
https://openmenu.fooddo.in/?Token=fclfo,Code - fclfo,fclfo,https://openmenu.fooddo.in/?Token=
https://openmenu.fooddo.in/?Token=desuf,Code - desuf,desuf,https://openmenu.fooddo.in/?Token=
https://openmenu.fooddo.in/?Token=xujul,Code - xujul,xujul,https://openmenu.fooddo.in/?Token=
https://openmenu.fooddo.in/?Token=tirqo,Code - tirqo,tirqo,https://openmenu.fooddo.in/?Token=
https://openmenu.fooddo.in/?Token=nlixz,Code - nlixz,nlixz,https://openmenu.fooddo.in/?Token=
https://openmenu.fooddo.in/?Token=zpqjz,Code - zpqjz,zpqjz,https://openmenu.fooddo.in/?Token=
https://openmenu.fooddo.in/?Token=odpoo,Code - odpoo,odpoo,https://openmenu.fooddo.in/?Token=
https://openmenu.fooddo.in/?Token=idxqm,Code - idxqm,idxqm,https://openmenu.fooddo.in/?Token=
https://openmenu.fooddo.in/?Token=gvxic,Code - gvxic,gvxic,https://openmenu.fooddo.in/?Token=
https://openmenu.fooddo.in/?Token=zjnao,Code - zjnao,zjnao,https://openmenu.fooddo.in/?Token=
https://openmenu.fooddo.in/?Token=qyimw,Code - qyimw,qyimw,https://openmenu.fooddo.in/?Token=
https://openmenu.fooddo.in/?Token=phaje,Code - phaje,phaje,https://openmenu.fooddo.in/?Token=
https://openmenu.fooddo.in/?Token=tdwdj,Code - tdwdj,tdwdj,https://openmenu.fooddo.in/?Token=
https://openmenu.fooddo.in/?Token=qcbgu,Code - qcbgu,qcbgu,https://openmenu.fooddo.in/?Token=
https://openmenu.fooddo.in/?Token=xbihp,Code - xbihp,xbihp,https://openmenu.fooddo.in/?Token=
https://openmenu.fooddo.in/?Token=nbynz,Code - nbynz,nbynz,https://openmenu.fooddo.in/?Token=
https://openmenu.fooddo.in/?Token=uzyjf,Code - uzyjf,uzyjf,https://openmenu.fooddo.in/?Token=
https://openmenu.fooddo.in/?Token=nkdgf,Code - nkdgf,nkdgf,https://openmenu.fooddo.in/?Token=
https://openmenu.fooddo.in/?Token=keqtj,Code - keqtj,keqtj,https://openmenu.fooddo.in/?Token=
https://openmenu.fooddo.in/?Token=mmaxv,Code - mmaxv,mmaxv,https://openmenu.fooddo.in/?Token=
https://openmenu.fooddo.in/?Token=fogxu,Code - fogxu,fogxu,https://openmenu.fooddo.in/?Token=
https://openmenu.fooddo.in/?Token=plcxi,Code - plcxi,plcxi,https://openmenu.fooddo.in/?Token=
https://openmenu.fooddo.in/?Token=csxjj,Code - csxjj,csxjj,https://openmenu.fooddo.in/?Token=
https://openmenu.fooddo.in/?Token=yawnm,Code - yawnm,yawnm,https://openmenu.fooddo.in/?Token=
https://openmenu.fooddo.in/?Token=jijxf,Code - jijxf,jijxf,https://openmenu.fooddo.in/?Token=
https://openmenu.fooddo.in/?Token=hxgye,Code - hxgye,hxgye,https://openmenu.fooddo.in/?Token=
https://openmenu.fooddo.in/?Token=ctvir,Code - ctvir,ctvir,https://openmenu.fooddo.in/?Token=
https://openmenu.fooddo.in/?Token=qyzdj,Code - qyzdj,qyzdj,https://openmenu.fooddo.in/?Token=
https://openmenu.fooddo.in/?Token=zglte,Code - zglte,zglte,https://openmenu.fooddo.in/?Token=
https://openmenu.fooddo.in/?Token=gpzyx,Code - gpzyx,gpzyx,https://openmenu.fooddo.in/?Token=
https://openmenu.fooddo.in/?Token=qxgbw,Code - qxgbw,qxgbw,https://openmenu.fooddo.in/?Token=
https://openmenu.fooddo.in/?Token=fujtk,Code - fujtk,fujtk,https://openmenu.fooddo.in/?Token=
https://openmenu.fooddo.in/?Token=hrzcs,Code - hrzcs,hrzcs,https://openmenu.fooddo.in/?Token=
https://openmenu.fooddo.in/?Token=hjewf,Code - hjewf,hjewf,https://openmenu.fooddo.in/?Token=
https://openmenu.fooddo.in/?Token=pdxuj,Code - pdxuj,pdxuj,https://openmenu.fooddo.in/?Token=
https://openmenu.fooddo.in/?Token=xacjo,Code - xacjo,xacjo,https://openmenu.fooddo.in/?Token=
https://openmenu.fooddo.in/?Token=nfpsm,Code - nfpsm,nfpsm,https://openmenu.fooddo.in/?Token=
https://openmenu.fooddo.in/?Token=aogjd,Code - aogjd,aogjd,https://openmenu.fooddo.in/?Token=
https://openmenu.fooddo.in/?Token=ruhxt,Code - ruhxt,ruhxt,https://openmenu.fooddo.in/?Token=
https://openmenu.fooddo.in/?Token=pbzjm,Code - pbzjm,pbzjm,https://openmenu.fooddo.in/?Token=
https://openmenu.fooddo.in/?Token=sybja,Code - sybja,sybja,https://openmenu.fooddo.in/?Token=
https://openmenu.fooddo.in/?Token=oezhq,Code - oezhq,oezhq,https://openmenu.fooddo.in/?Token=
https://openmenu.fooddo.in/?Token=ifdpw,Code - ifdpw,ifdpw,https://openmenu.fooddo.in/?Token=
https://openmenu.fooddo.in/?Token=plkob,Code - plkob,plkob,https://openmenu.fooddo.in/?Token=
https://openmenu.fooddo.in/?Token=ajjyr,Code - ajjyr,ajjyr,https://openmenu.fooddo.in/?Token=
https://openmenu.fooddo.in/?Token=cwptn,Code - cwptn,cwptn,https://openmenu.fooddo.in/?Token=
https://openmenu.fooddo.in/?Token=dfrgh,Code - dfrgh,dfrgh,https://openmenu.fooddo.in/?Token=
https://openmenu.fooddo.in/?Token=gjjfg,Code - gjjfg,gjjfg,https://openmenu.fooddo.in/?Token=
https://openmenu.fooddo.in/?Token=pwgzt,Code - pwgzt,pwgzt,https://openmenu.fooddo.in/?Token=
https://openmenu.fooddo.in/?Token=iiuri,Code - iiuri,iiuri,https://openmenu.fooddo.in/?Token=
https://openmenu.fooddo.in/?Token=vvssd,Code - vvssd,vvssd,https://openmenu.fooddo.in/?Token=
https://openmenu.fooddo.in/?Token=pbzlk,Code - pbzlk,pbzlk,https://openmenu.fooddo.in/?Token=
https://openmenu.fooddo.in/?Token=umvcd,Code - umvcd,umvcd,https://openmenu.fooddo.in/?Token=
https://openmenu.fooddo.in/?Token=abqwi,Code - abqwi,abqwi,https://openmenu.fooddo.in/?Token=
https://openmenu.fooddo.in/?Token=ozszm,Code - ozszm,ozszm,https://openmenu.fooddo.in/?Token=
https://openmenu.fooddo.in/?Token=hutmt,Code - hutmt,hutmt,https://openmenu.fooddo.in/?Token=
https://openmenu.fooddo.in/?Token=rlbzz,Code - rlbzz,rlbzz,https://openmenu.fooddo.in/?Token=
https://openmenu.fooddo.in/?Token=byuss,Code - byuss,byuss,https://openmenu.fooddo.in/?Token=
https://openmenu.fooddo.in/?Token=yefpe,Code - yefpe,yefpe,https://openmenu.fooddo.in/?Token=
https://openmenu.fooddo.in/?Token=pwkwg,Code - pwkwg,pwkwg,https://openmenu.fooddo.in/?Token=
https://openmenu.fooddo.in/?Token=njzeu,Code - njzeu,njzeu,https://openmenu.fooddo.in/?Token=
https://openmenu.fooddo.in/?Token=dvgik,Code - dvgik,dvgik,https://openmenu.fooddo.in/?Token=
https://openmenu.fooddo.in/?Token=wfhpr,Code - wfhpr,wfhpr,https://openmenu.fooddo.in/?Token=
https://openmenu.fooddo.in/?Token=rvmcb,Code - rvmcb,rvmcb,https://openmenu.fooddo.in/?Token=
https://openmenu.fooddo.in/?Token=kxxzw,Code - kxxzw,kxxzw,https://openmenu.fooddo.in/?Token=
https://openmenu.fooddo.in/?Token=xtajg,Code - xtajg,xtajg,https://openmenu.fooddo.in/?Token=
https://openmenu.fooddo.in/?Token=ntior,Code - ntior,ntior,https://openmenu.fooddo.in/?Token=
https://openmenu.fooddo.in/?Token=rckuk,Code - rckuk,rckuk,https://openmenu.fooddo.in/?Token=
https://openmenu.fooddo.in/?Token=jyhor,Code - jyhor,jyhor,https://openmenu.fooddo.in/?Token=
https://openmenu.fooddo.in/?Token=sghuh,Code - sghuh,sghuh,https://openmenu.fooddo.in/?Token=
https://openmenu.fooddo.in/?Token=jugmx,Code - jugmx,jugmx,https://openmenu.fooddo.in/?Token=
https://openmenu.fooddo.in/?Token=sivzn,Code - sivzn,sivzn,https://openmenu.fooddo.in/?Token=
https://openmenu.fooddo.in/?Token=moica,Code - moica,moica,https://openmenu.fooddo.in/?Token=
https://openmenu.fooddo.in/?Token=cqxlk,Code - cqxlk,cqxlk,https://openmenu.fooddo.in/?Token=
https://openmenu.fooddo.in/?Token=scaba,Code - scaba,scaba,https://openmenu.fooddo.in/?Token=
https://openmenu.fooddo.in/?Token=lavaw,Code - lavaw,lavaw,https://openmenu.fooddo.in/?Token=
https://openmenu.fooddo.in/?Token=ixqrs,Code - ixqrs,ixqrs,https://openmenu.fooddo.in/?Token=
https://openmenu.fooddo.in/?Token=lciar,Code - lciar,lciar,https://openmenu.fooddo.in/?Token=
https://openmenu.fooddo.in/?Token=wziaw,Code - wziaw,wziaw,https://openmenu.fooddo.in/?Token=
https://openmenu.fooddo.in/?Token=ydwfo,Code - ydwfo,ydwfo,https://openmenu.fooddo.in/?Token=
https://openmenu.fooddo.in/?Token=tbmul,Code - tbmul,tbmul,https://openmenu.fooddo.in/?Token=
https://openmenu.fooddo.in/?Token=cayrw,Code - cayrw,cayrw,https://openmenu.fooddo.in/?Token=
https://openmenu.fooddo.in/?Token=wiqfm,Code - wiqfm,wiqfm,https://openmenu.fooddo.in/?Token=
https://openmenu.fooddo.in/?Token=austu,Code - austu,austu,https://openmenu.fooddo.in/?Token=
https://openmenu.fooddo.in/?Token=vxigh,Code - vxigh,vxigh,https://openmenu.fooddo.in/?Token=
https://openmenu.fooddo.in/?Token=jsdja,Code - jsdja,jsdja,https://openmenu.fooddo.in/?Token=
https://openmenu.fooddo.in/?Token=xhreu,Code - xhreu,xhreu,https://openmenu.fooddo.in/?Token=
https://openmenu.fooddo.in/?Token=baavi,Code - baavi,baavi,https://openmenu.fooddo.in/?Token=
https://openmenu.fooddo.in/?Token=mvlcw,Code - mvlcw,mvlcw,https://openmenu.fooddo.in/?Token=
https://openmenu.fooddo.in/?Token=xildh,Code - xildh,xildh,https://openmenu.fooddo.in/?Token=
https://openmenu.fooddo.in/?Token=evbak,Code - evbak,evbak,https://openmenu.fooddo.in/?Token=
https://openmenu.fooddo.in/?Token=kwgpg,Code - kwgpg,kwgpg,https://openmenu.fooddo.in/?Token=
https://openmenu.fooddo.in/?Token=cehyt,Code - cehyt,cehyt,https://openmenu.fooddo.in/?Token=
https://openmenu.fooddo.in/?Token=fqgen,Code - fqgen,fqgen,https://openmenu.fooddo.in/?Token=
https://openmenu.fooddo.in/?Token=vifqj,Code - vifqj,vifqj,https://openmenu.fooddo.in/?Token=
https://openmenu.fooddo.in/?Token=ikisr,Code - ikisr,ikisr,https://openmenu.fooddo.in/?Token=
https://openmenu.fooddo.in/?Token=ildfq,Code - ildfq,ildfq,https://openmenu.fooddo.in/?Token=
https://openmenu.fooddo.in/?Token=cmzbv,Code - cmzbv,cmzbv,https://openmenu.fooddo.in/?Token=
https://openmenu.fooddo.in/?Token=xmbgy,Code - xmbgy,xmbgy,https://openmenu.fooddo.in/?Token=
https://openmenu.fooddo.in/?Token=ekdzb,Code - ekdzb,ekdzb,https://openmenu.fooddo.in/?Token=
https://openmenu.fooddo.in/?Token=qfyjb,Code - qfyjb,qfyjb,https://openmenu.fooddo.in/?Token=
https://openmenu.fooddo.in/?Token=zncsh,Code - zncsh,zncsh,https://openmenu.fooddo.in/?Token=
https://openmenu.fooddo.in/?Token=utzub,Code - utzub,utzub,https://openmenu.fooddo.in/?Token=
https://openmenu.fooddo.in/?Token=rgvsq,Code - rgvsq,rgvsq,https://openmenu.fooddo.in/?Token=
https://openmenu.fooddo.in/?Token=spzio,Code - spzio,spzio,https://openmenu.fooddo.in/?Token=
https://openmenu.fooddo.in/?Token=txmyd,Code - txmyd,txmyd,https://openmenu.fooddo.in/?Token=
https://openmenu.fooddo.in/?Token=mrwce,Code - mrwce,mrwce,https://openmenu.fooddo.in/?Token=
https://openmenu.fooddo.in/?Token=jqire,Code - jqire,jqire,https://openmenu.fooddo.in/?Token=
https://openmenu.fooddo.in/?Token=nosks,Code - nosks,nosks,https://openmenu.fooddo.in/?Token=
https://openmenu.fooddo.in/?Token=aeapi,Code - aeapi,aeapi,https://openmenu.fooddo.in/?Token=
https://openmenu.fooddo.in/?Token=jhhmw,Code - jhhmw,jhhmw,https://openmenu.fooddo.in/?Token=
https://openmenu.fooddo.in/?Token=ajetu,Code - ajetu,ajetu,https://openmenu.fooddo.in/?Token=
https://openmenu.fooddo.in/?Token=pqqlc,Code - pqqlc,pqqlc,https://openmenu.fooddo.in/?Token=
https://openmenu.fooddo.in/?Token=zodyr,Code - zodyr,zodyr,https://openmenu.fooddo.in/?Token=
https://openmenu.fooddo.in/?Token=mhgcp,Code - mhgcp,mhgcp,https://openmenu.fooddo.in/?Token=
https://openmenu.fooddo.in/?Token=dkgmf,Code - dkgmf,dkgmf,https://openmenu.fooddo.in/?Token=
https://openmenu.fooddo.in/?Token=bgppo,Code - bgppo,bgppo,https://openmenu.fooddo.in/?Token=
https://openmenu.fooddo.in/?Token=htpfk,Code - htpfk,htpfk,https://openmenu.fooddo.in/?Token=
https://openmenu.fooddo.in/?Token=xuzma,Code - xuzma,xuzma,https://openmenu.fooddo.in/?Token=
https://openmenu.fooddo.in/?Token=zqecp,Code - zqecp,zqecp,https://openmenu.fooddo.in/?Token=
https://openmenu.fooddo.in/?Token=hwdxm,Code - hwdxm,hwdxm,https://openmenu.fooddo.in/?Token=
https://openmenu.fooddo.in/?Token=mbsvt,Code - mbsvt,mbsvt,https://openmenu.fooddo.in/?Token=
https://openmenu.fooddo.in/?Token=bcqon,Code - bcqon,bcqon,https://openmenu.fooddo.in/?Token=
https://openmenu.fooddo.in/?Token=etpdt,Code - etpdt,etpdt,https://openmenu.fooddo.in/?Token=
https://openmenu.fooddo.in/?Token=ngyqz,Code - ngyqz,ngyqz,https://openmenu.fooddo.in/?Token=
https://openmenu.fooddo.in/?Token=zvduz,Code - zvduz,zvduz,https://openmenu.fooddo.in/?Token=
https://openmenu.fooddo.in/?Token=ulkaj,Code - ulkaj,ulkaj,https://openmenu.fooddo.in/?Token=
https://openmenu.fooddo.in/?Token=wkauw,Code - wkauw,wkauw,https://openmenu.fooddo.in/?Token=
https://openmenu.fooddo.in/?Token=geiec,Code - geiec,geiec,https://openmenu.fooddo.in/?Token=
https://openmenu.fooddo.in/?Token=zfyek,Code - zfyek,zfyek,https://openmenu.fooddo.in/?Token=
https://openmenu.fooddo.in/?Token=vfuwi,Code - vfuwi,vfuwi,https://openmenu.fooddo.in/?Token=
https://openmenu.fooddo.in/?Token=urvod,Code - urvod,urvod,https://openmenu.fooddo.in/?Token=
https://openmenu.fooddo.in/?Token=fjiwb,Code - fjiwb,fjiwb,https://openmenu.fooddo.in/?Token=
https://openmenu.fooddo.in/?Token=fsxmp,Code - fsxmp,fsxmp,https://openmenu.fooddo.in/?Token=
https://openmenu.fooddo.in/?Token=hdhts,Code - hdhts,hdhts,https://openmenu.fooddo.in/?Token=
https://openmenu.fooddo.in/?Token=edjad,Code - edjad,edjad,https://openmenu.fooddo.in/?Token=
https://openmenu.fooddo.in/?Token=sglpw,Code - sglpw,sglpw,https://openmenu.fooddo.in/?Token=
https://openmenu.fooddo.in/?Token=uerhf,Code - uerhf,uerhf,https://openmenu.fooddo.in/?Token=
https://openmenu.fooddo.in/?Token=entcu,Code - entcu,entcu,https://openmenu.fooddo.in/?Token=
https://openmenu.fooddo.in/?Token=epnjw,Code - epnjw,epnjw,https://openmenu.fooddo.in/?Token=
https://openmenu.fooddo.in/?Token=pbawg,Code - pbawg,pbawg,https://openmenu.fooddo.in/?Token=
https://openmenu.fooddo.in/?Token=pfnyo,Code - pfnyo,pfnyo,https://openmenu.fooddo.in/?Token=
https://openmenu.fooddo.in/?Token=lphdw,Code - lphdw,lphdw,https://openmenu.fooddo.in/?Token=
https://openmenu.fooddo.in/?Token=mftdj,Code - mftdj,mftdj,https://openmenu.fooddo.in/?Token=
https://openmenu.fooddo.in/?Token=fjheh,Code - fjheh,fjheh,https://openmenu.fooddo.in/?Token=
https://openmenu.fooddo.in/?Token=imdde,Code - imdde,imdde,https://openmenu.fooddo.in/?Token=
https://openmenu.fooddo.in/?Token=hykdl,Code - hykdl,hykdl,https://openmenu.fooddo.in/?Token=
https://openmenu.fooddo.in/?Token=gtght,Code - gtght,gtght,https://openmenu.fooddo.in/?Token=
https://openmenu.fooddo.in/?Token=gkqdg,Code - gkqdg,gkqdg,https://openmenu.fooddo.in/?Token=
https://openmenu.fooddo.in/?Token=fzxnr,Code - fzxnr,fzxnr,https://openmenu.fooddo.in/?Token=
https://openmenu.fooddo.in/?Token=sviff,Code - sviff,sviff,https://openmenu.fooddo.in/?Token=
https://openmenu.fooddo.in/?Token=imwle,Code - imwle,imwle,https://openmenu.fooddo.in/?Token=
https://openmenu.fooddo.in/?Token=hbcae,Code - hbcae,hbcae,https://openmenu.fooddo.in/?Token=
https://openmenu.fooddo.in/?Token=hcnda,Code - hcnda,hcnda,https://openmenu.fooddo.in/?Token=
https://openmenu.fooddo.in/?Token=omson,Code - omson,omson,https://openmenu.fooddo.in/?Token=
https://openmenu.fooddo.in/?Token=bioal,Code - bioal,bioal,https://openmenu.fooddo.in/?Token=
https://openmenu.fooddo.in/?Token=ohuaj,Code - ohuaj,ohuaj,https://openmenu.fooddo.in/?Token=
https://openmenu.fooddo.in/?Token=bndya,Code - bndya,bndya,https://openmenu.fooddo.in/?Token=
https://openmenu.fooddo.in/?Token=zjwwb,Code - zjwwb,zjwwb,https://openmenu.fooddo.in/?Token=
https://openmenu.fooddo.in/?Token=hzoot,Code - hzoot,hzoot,https://openmenu.fooddo.in/?Token=
https://openmenu.fooddo.in/?Token=umlmr,Code - umlmr,umlmr,https://openmenu.fooddo.in/?Token=
https://openmenu.fooddo.in/?Token=ajeya,Code - ajeya,ajeya,https://openmenu.fooddo.in/?Token=
https://openmenu.fooddo.in/?Token=prpzh,Code - prpzh,prpzh,https://openmenu.fooddo.in/?Token=
https://openmenu.fooddo.in/?Token=pylth,Code - pylth,pylth,https://openmenu.fooddo.in/?Token=
https://openmenu.fooddo.in/?Token=irqzk,Code - irqzk,irqzk,https://openmenu.fooddo.in/?Token=
https://openmenu.fooddo.in/?Token=gvpkq,Code - gvpkq,gvpkq,https://openmenu.fooddo.in/?Token=
https://openmenu.fooddo.in/?Token=herwk,Code - herwk,herwk,https://openmenu.fooddo.in/?Token=
https://openmenu.fooddo.in/?Token=vmlpu,Code - vmlpu,vmlpu,https://openmenu.fooddo.in/?Token=
https://openmenu.fooddo.in/?Token=gukfe,Code - gukfe,gukfe,https://openmenu.fooddo.in/?Token=
https://openmenu.fooddo.in/?Token=vchwo,Code - vchwo,vchwo,https://openmenu.fooddo.in/?Token=
https://openmenu.fooddo.in/?Token=pzvma,Code - pzvma,pzvma,https://openmenu.fooddo.in/?Token=
https://openmenu.fooddo.in/?Token=nbhak,Code - nbhak,nbhak,https://openmenu.fooddo.in/?Token=
https://openmenu.fooddo.in/?Token=vaebn,Code - vaebn,vaebn,https://openmenu.fooddo.in/?Token=
https://openmenu.fooddo.in/?Token=kbina,Code - kbina,kbina,https://openmenu.fooddo.in/?Token=
https://openmenu.fooddo.in/?Token=xbwhp,Code - xbwhp,xbwhp,https://openmenu.fooddo.in/?Token=
https://openmenu.fooddo.in/?Token=zoqfz,Code - zoqfz,zoqfz,https://openmenu.fooddo.in/?Token=
https://openmenu.fooddo.in/?Token=ojlfn,Code - ojlfn,ojlfn,https://openmenu.fooddo.in/?Token=
https://openmenu.fooddo.in/?Token=cxoaj,Code - cxoaj,cxoaj,https://openmenu.fooddo.in/?Token=
https://openmenu.fooddo.in/?Token=xttwa,Code - xttwa,xttwa,https://openmenu.fooddo.in/?Token=
https://openmenu.fooddo.in/?Token=yoerm,Code - yoerm,yoerm,https://openmenu.fooddo.in/?Token=
https://openmenu.fooddo.in/?Token=zhocj,Code - zhocj,zhocj,https://openmenu.fooddo.in/?Token=
https://openmenu.fooddo.in/?Token=kxtmp,Code - kxtmp,kxtmp,https://openmenu.fooddo.in/?Token=
https://openmenu.fooddo.in/?Token=hqoja,Code - hqoja,hqoja,https://openmenu.fooddo.in/?Token=
https://openmenu.fooddo.in/?Token=agkrf,Code - agkrf,agkrf,https://openmenu.fooddo.in/?Token=
https://openmenu.fooddo.in/?Token=luqni,Code - luqni,luqni,https://openmenu.fooddo.in/?Token=
https://openmenu.fooddo.in/?Token=veydr,Code - veydr,veydr,https://openmenu.fooddo.in/?Token=
https://openmenu.fooddo.in/?Token=pcvsi,Code - pcvsi,pcvsi,https://openmenu.fooddo.in/?Token=
https://openmenu.fooddo.in/?Token=rdeow,Code - rdeow,rdeow,https://openmenu.fooddo.in/?Token=
https://openmenu.fooddo.in/?Token=cdftt,Code - cdftt,cdftt,https://openmenu.fooddo.in/?Token=
https://openmenu.fooddo.in/?Token=rzygv,Code - rzygv,rzygv,https://openmenu.fooddo.in/?Token=
https://openmenu.fooddo.in/?Token=yopom,Code - yopom,yopom,https://openmenu.fooddo.in/?Token=
https://openmenu.fooddo.in/?Token=vypgh,Code - vypgh,vypgh,https://openmenu.fooddo.in/?Token=
https://openmenu.fooddo.in/?Token=huikv,Code - huikv,huikv,https://openmenu.fooddo.in/?Token=
https://openmenu.fooddo.in/?Token=tyhnw,Code - tyhnw,tyhnw,https://openmenu.fooddo.in/?Token=
https://openmenu.fooddo.in/?Token=oqotj,Code - oqotj,oqotj,https://openmenu.fooddo.in/?Token=
https://openmenu.fooddo.in/?Token=gaoqc,Code - gaoqc,gaoqc,https://openmenu.fooddo.in/?Token=
https://openmenu.fooddo.in/?Token=jcfij,Code - jcfij,jcfij,https://openmenu.fooddo.in/?Token=
https://openmenu.fooddo.in/?Token=heuob,Code - heuob,heuob,https://openmenu.fooddo.in/?Token=
https://openmenu.fooddo.in/?Token=mdddu,Code - mdddu,mdddu,https://openmenu.fooddo.in/?Token=
https://openmenu.fooddo.in/?Token=qkgme,Code - qkgme,qkgme,https://openmenu.fooddo.in/?Token=
https://openmenu.fooddo.in/?Token=yusdv,Code - yusdv,yusdv,https://openmenu.fooddo.in/?Token=
https://openmenu.fooddo.in/?Token=tfawy,Code - tfawy,tfawy,https://openmenu.fooddo.in/?Token=
https://openmenu.fooddo.in/?Token=nzhli,Code - nzhli,nzhli,https://openmenu.fooddo.in/?Token=
https://openmenu.fooddo.in/?Token=yckzr,Code - yckzr,yckzr,https://openmenu.fooddo.in/?Token=
https://openmenu.fooddo.in/?Token=eglix,Code - eglix,eglix,https://openmenu.fooddo.in/?Token=
https://openmenu.fooddo.in/?Token=lwfki,Code - lwfki,lwfki,https://openmenu.fooddo.in/?Token=
https://openmenu.fooddo.in/?Token=sadgc,Code - sadgc,sadgc,https://openmenu.fooddo.in/?Token=
https://openmenu.fooddo.in/?Token=daapf,Code - daapf,daapf,https://openmenu.fooddo.in/?Token=
https://openmenu.fooddo.in/?Token=pzojh,Code - pzojh,pzojh,https://openmenu.fooddo.in/?Token=
https://openmenu.fooddo.in/?Token=mqcou,Code - mqcou,mqcou,https://openmenu.fooddo.in/?Token=
https://openmenu.fooddo.in/?Token=cbzqr,Code - cbzqr,cbzqr,https://openmenu.fooddo.in/?Token=
https://openmenu.fooddo.in/?Token=kxhxh,Code - kxhxh,kxhxh,https://openmenu.fooddo.in/?Token=
https://openmenu.fooddo.in/?Token=xvbjg,Code - xvbjg,xvbjg,https://openmenu.fooddo.in/?Token=
https://openmenu.fooddo.in/?Token=dprqc,Code - dprqc,dprqc,https://openmenu.fooddo.in/?Token=
https://openmenu.fooddo.in/?Token=hharb,Code - hharb,hharb,https://openmenu.fooddo.in/?Token=
https://openmenu.fooddo.in/?Token=uibfw,Code - uibfw,uibfw,https://openmenu.fooddo.in/?Token=
https://openmenu.fooddo.in/?Token=baixo,Code - baixo,baixo,https://openmenu.fooddo.in/?Token=
https://openmenu.fooddo.in/?Token=ngwsy,Code - ngwsy,ngwsy,https://openmenu.fooddo.in/?Token=
https://openmenu.fooddo.in/?Token=ydwzy,Code - ydwzy,ydwzy,https://openmenu.fooddo.in/?Token=
https://openmenu.fooddo.in/?Token=jltul,Code - jltul,jltul,https://openmenu.fooddo.in/?Token=
